Sequence,BaseSeq,Annotation,FinalLabel,SeqLength,PrimaryProbability
LALEGSLQK,LALEGSLQK,,1,9,0.9663982391357422
RRILEAKQKGFV,RRILEAKQKGFV,,1,12,0.9640038013458252
LVEALYLVCGERGF,LVEALYLVCGERGF,,1,14,0.9605714678764343
QIWIDHCSLSKS,QIWIDHCSLSKS,,1,12,0.9511091709136963
KNIIIHNINIHD,KNIIIHNINIHD,,1,12,0.9311574101448059
YFVGKMYFNLID,YFVGKMYFNLID,,1,12,0.927678644657135
YQSKYLLSLVLRRDG,YQSKYLLSLVLRRDG,,1,15,0.9273420572280884
ENRYCVQLSQIQGLI,ENRYCVQLSQIQGLI,,1,15,0.9270051717758179
DYSNTHSTRYV,DYSNTHSTRYV,,0,11,0.9219838976860046
RLIGQIVSSITASLR,RLIGQIVSSITASLR,,1,15,0.9152804613113403
