Sequence,FinalLabel
AAAFVNQHL,0
AAAGDKLSL,0
AAAPATGNKKTHLTE,0
AAASAIQGNVTSIHSL,0
AADDFRLKYENEVTL,0
AADKKKLEEVAGKYN,0
AADYLANDAEVKAAV,0
AAFITYLQAKQAAGI,0
AAFKSLFGGMSWFSQILIGT,1
AAFVDFVDIKSAQKA,0
AAGGCEREPQSLTRV,0
AAIFLYNLSVKSGYFL,1
AAKFIIEEDSEAMEK,0
AAKHMWPADLQYIYS,0
AAKNFLAAANAIDDY,0
AALNRRIQLLEEDLE,0
AAMASASLVTVAVPATANAD,1
AANGHVIYVQIRFSV,0
AAPAPAPAAAEPARQ,0
AAQNPENVKRLLFCT,0
AARKLYKLENDHPNY,0
AARLFKAFILDG,1
AASAITPGWLPINSQ,0
AASDISLLDAQSAPL,0
AATGIGLEYVKQLLE,0
AATLLANRLTEKCCV,1
AAVAYLQSDEFETIV,0
AAVEFVGAFVVDAYA,0
AAVEGDLLLKLNNYR,0
AAVEYLKSDEFETIV,0
ACWARDRVNEGMFLY,0
ADECERFLGPKGFAG,0
ADEERMDALENQLKE,0
ADFKKNNNFVGIADLSTD,1
ADFSNYGAVVDVYAPGKDIT,0
ADGSGELEFEEFCTL,0
ADGSGELEFEEFVSL,0
ADINGLRRVLDELTL,0
ADKDGIISKNDLRAT,0
ADKSGRLEFDEFVTL,0
ADLFQLLLTNSVDNTFP,1
ADLGYGPATPAAPAAGYTPATPAAPAEAAPAGK,0
ADLIILKRPRKDSQD,0
ADVAARLRILYGGSV,1
ADVSIEDSVISLSGD,0
ADYISRDKPITFTQV,0
ADYSVLYNLAPFFTF,0
ADYSVLYNSASFSTF,0
AEAVVEAMDFHGEVT,0
AEDGKYIDYRARQTR,0
AEEVKVIPAGELQVIEKVDAAFKVAATAANAAPANDK,0
AEFFFKCGAHPTSDK,0
AEFFRNIYANNLKLARKIFKDTL,1
AEFYYLQLAYTRHVT,0
AEKAEEEARSLQKKI,0
AELAWCQEEHKNQGY,0
AELLVSQGVVNQPEY,0
AELTHTESNNQVLSA,0
AENEPSAGLLSGYPF,0
AEPFLSGTSSNYVEE,0
AESEVAALNRRIQLL,0
AESKTLIYQMAPAVS,0
AESRRAVSACQEIQA,0
AEVDCSRFPNATDK,0
AEVDEFLEKLSLLLN,0
AEWRSTFHKDVVVDL,0
AEYLKTFKVAYSTDG,0
AEYMAFGSLLKEGIH,0
AEYQQLLDIKIRLEN,0
AFFLDLILLIIALYLQQNWW,1
AFKPTSPVPNMQREV,0
AFPFDIEGSSAFGRL,0
AFTFTKIPAETLHGTVTVEV,0
AFVFLQILNNLVTAYMLM,1
AFVKHLTALENTDGH,0
AFYPLNGPSKFSLVV,0
AFYQIWKRVQHYFNK,0
AGAFHLLMAESLRIHYA,1
AGCPNSLIKELHHFR,0
AGCTSAGPHFNPLSR,0
AGDGPPLCSQNLGAPGGGPD,0
AGDYCDVISGSYENG,0
AGEKVRIIIDRFMDF,0
AGEYIISTRVRCGRS,0
AGFNCYFPLRSYSFR,0
AGKELRNDWTVQNCD,0
AGKYNLQVRGTRGEH,0
AGLAYKFVVPGAATPYAGEP,1
AGLLGVVSTVLLGGV,1
AGMVTTSTTLAWGLLLMILH,0
AGNKLAMQEFMILPT,0
AGNTYVYSFEGGTTT,0
AGPHFNPLSRKHGGP,0
AGRDPAAAPATGNKK,0
AGREEFYSTHPHFMT,0
AGSSSEAILNTMSQE,0
AGTAVSNWWDNGDKQ,0
AGTKMFLDALFRAGT,0
AGTWSALNSIQQFIS,0
AGVLWVCATGMARQV,0
AHGRLVFMFNVGHKK,0
AIAYEIFGLVNPFYG,0
AIGGGKLPAL,0
AIIDTSKAIIVGPKA,0
AILPVDDLYALFQEK,0
AIMLFELFYYANDYD,0
AIRSPEFQSIVETLK,0
AIRSPEFQSIVQTLN,0
AISVTMDNILSGFENEYD,1
AITRIEQLSPFPFDL,0
AIYFVFLRTSKNLELVES,1
AKASRNLQDDLQDFL,0
AKDMKIMQNIAQTISLIAGQK,1
AKGVSLVAVKVLDCDGSGSN,1
AKKLLKLLNGIKSKVN,1
AKLAEASQAADESER,0
AKQRFNHAIRGKRSV,0
AKRFAKWALPLYNKP,0
AKRFAKWALPLYYKP,0
AKRQGVPADQLRVIF,0
AKSELSKLESVRMKV,0
AKVVLTDPEAAKYVH,0
AKYKDDLESIKKVIKEEK,1
AKYNQILRIEEELGD,0
AKYVHGIAVHWYLDF,0
ALAIVYLIAL,1
ALFIVYLIAK,1
ALFNEKLETSPDFLA,0
ALFQEKLESSPEFKA,0
ALGLLALGSSLAMILGLPLGRI,1
ALGRGLQLGRALLLR,0
ALGVTGNTHILHYLR,0
ALIIQDFRGFLLSDY,0
ALIVTQTMKGLDIQK,0
ALKSGVHTFPAVLQS,0
ALLCCLLVSAASAIT,0
ALLFLHLFNGLSTSLPL,1
ALLLRFTGKPGRAYG,1
ALLVLVVGVLSQKDP,0
ALLVLYSFALMLIIIILIIF,1
ALNSIQQFISSEMVE,0
ALQVTNHRYL,0
ALRNLMANRPAKYKD,0
ALRNLRVFL,0
ALSLLDKIYTSPLC,0
ALVDYPDVLPSRLHP,0
ALWNLHGQALFLGIVLFIFG,0
ALYDVVTKL,1
ALYMEFIKEFPVVSI,0
ALYVGDLCG,0
AMLWDLNDGKHLHTL,0
AMMYSVKKRLKGKFI,0
AMPEYQNLLQKLREK,0
AMPEYQSLIQKLKDK,0
AMQEFMILPTGAATF,0
ANDAEVKAAVEYLKS,0
ANDAEVQAAVAYLQS,0
ANDYDTFYKTACWAR,0
ANFDASSGLTTEQPV,0
ANFTGCISNAYFTRL,0
ANIDMLRLSEHLDYV,0
ANINNYKNPRVVKNF,0
ANRLTEKCCVETKMK,0
ANSIVSSLHQAAAAA,0
APAAAEPARQSSRGS,0
APAAEAAPAPAPAAA,0
APAFPLAIKMMWNIS,1
APFLYYYILCYARDF,0
APGAYKSVEVKGDGG,1
APGERPSGMFDSSVLCEC,0
APGNRGFPGQDGLAG,0
APIQGTNLL,0
APITAYAQQTRGLLGCII,0
APIVRTISRTKGPAR,0
APKQPLFVPTSSGPS,0
APSALEHPETSLRDP,0
APTGSGKSTKVPAAYAAK,0
APTHLPLARTSSSPA,0
APVFSIHHARFQDGE,0
APYTVCNSSLSEYGV,0
AQEGLKEESGFLREVLNAVP,0
AQEQDTYKVLYKKVN,0
AQFSPVNTQFSSGWD,0
AQGSVQPQQLPQFE,0
AQGSVQPQQLPQFE + DEAM(Q9),0
AQIQVVIHLDEQYIY,0
AQKFKGLTVLPPLLT,0
AQKFNGLTVLPPLLT,0
AQPNVDKLVEDHLAV,0
AQPPRDLTEAFLAEMEKAKG,0
AQQRRKQWWNESKAQ,0
ARDVLAVVSK,0
ARFMAEEADKKYDEV,0
ARGGLVDEKALAQALKEGRIRGAAL,1
ARGGLVDEKALARALKEGRIRGAAL,1
ARKILESKGLADEER,0
ARKLAMVEADLERAE,0
ARLHLFRAVRSVLAN,0
ARLVRSTRFEEFLQR,0
ARMELFLFFTSLLQHFSFSV,0
ARMILMTHF,0
ARPGPRAVIDYSKAD,0
ARRHPYFYAPELLYY,0
ARSKDEKILHIKHWL,0
ARTFQQIRCYSAPVA,0
ARWAVGQTLMINQLV,0
ARWEAASKETIKKTT,0
ARYFLERLSNDLPDV,0
ASALFESSRLSFLLR,0
ASAMDIEFQQSVSKS,0
ASAQFIRNLQISNED,0
ASDLNRVHVDINYNL,0
ASGFSTSQLAMIQNA,0
ASGFTFSNYAMHWVR,1
ASILGLQNMAGCPVY,0
ASKETIKKTTKPCPR,0
ASLVPLKDVGADLII,0
ASQAADESERARKIL,0
ASQTVKTFSQNRPAA,0
ASRFLVEEDAEAMQH,0
ASRFLVEEDAEAMQQ,0
ASRNLQDDLQDFLAL,0
ASRVAPGQQ,0
ASSVPVENFTIHGGL,0
ASVLRNLSWRADVNS,0
ASVRIKVPKLAADKK,0
ASYADNSNSEVRKIK,0
ASYFKSNCPDAYSYA,0
ATDKEGKDVLVCNK,1
ATDYLANDAEVQAAV,0
ATESAYLAYRNQSLDLAEQELVDCASQHGCHGDTIPRGIEYIQ,1
ATESYTIDVNFYCVP,0
ATFGDTLHIHYSGSL,0
ATGRKHVRRGVGING,0
ATLGETHRLFPNTML,0
ATLKALQNAHHLNDA,0
ATPPGSVTVSHPNIEEVA,0
ATQNEQTCVPQFHQP,0
ATQYDYYYPEDLQSY,0
ATTEEQKLIEKINAGFKAALAAAAGVQPADKYR,0
ATVELYYNAEKKLAF,0
ATWKVICKSCISQTPGINLDLGSGVK,0
AVAFMLAYPYGYPRV,0
AVAHAQSLVEAQPNV,0
AVDIWNMRVVFFFGF,0
AVFKIDALNENKVLV,0
AVFLLLEDRRPADSA,0
AVKENNSIKIQLYTH,0
AVLALCATDTLANED,0
AVLEVLSAL,0
AVLQSSGLYSLSSMV,0
AVNIEPQIYRRIREW,0
AVPEEEGPTVVLNPHPSLG + DEAM(N13),1
AVPEVTDVTL,0
AVSACQEIQAIFTQK,0
AVSRVIADGDNLKNF,0
AVTADQFILYLGSKN,0
AVTPSVIDNILSKIENEY,1
AVTPTVATR,0
AVVESNGTLTLSHFGKC,0
AVVGISRSFGMPFHF,0
AWAVGAIAYEIFGLV,0
AWTAMTAATPIQIVG,0
AWYYVPLGTQYTDAPSFS,1
AYHEGECSAVFEASG,0
AYKLAYKTAEGATPEAKYDAYVATLSEALRI,0
AYLHFLFEMTKDPVF,0
AYLQSDEFETIVVAL,0
AYLWSRVEKLHLSHN,0
AYPHLISSDHYILHP,0
AYQIRGHHVAQLDPL,0
CAAFANHSGRPFRPNGLLDK,0
CAMGLPAYFKMNSPS,0
CARAQAPPPSWDQMRKCL,0
CARDKLAFTQSRAAS,0
CATDTLANEDCFRHE,0
CCQQLWQIPEQSRC,0
CCQQLWQIPEQSRC + CITR(R13),0
"CCQQLWQIPEQSRC + DEAM(Q3, Q7)",0
"CCQQLWQIPEQSRC + DEAM(Q3, Q7, R13)",0
CDQAMAFSDPLSHFT,0
CEALYEVDHLYPTTY,0
CEEAFARSKDEKILH,0
CEEERCLPKREPLDVPDEPE,0
CEWNRVCMGDHWFDV,0
CFDQLRRRFGDVFSLQLAWT,0
CFRHESLVPNLDYER,0
CGHSDHFFIGDFFVD,0
CGRAVFLAFGLGLGL,0
CGSSDLYLVTRHADVIPV,1
CHLREHLRQDFASVT,0
CHVPVEKNGGCMHMK,0
CIIDQFICPGQAKWV,0
CILSADVVVGIAAPG,0
CINGVCWTV,1
CIWDLTDDLRLAALS,0
CKAIKKMDGEYLGNN,0
CKAKDISLEVLKNYQ,0
CKDIRWSLGDFGDII,0
CLELATLNNDVISLY,0
CLEWINKQTSLLRKNI,1
CLGGLLTMV,1
CLLCAYSIEFGTNISK,0
CLLVSAASAITPGWL,0
CLREILRELDEQLTS,0
CLSGFMGIDLPKGPL,0
CLSWSVYKPQVPIMN,0
CLVDYPYRL,1
CMHMKCPQPQCRLEW,0
CMKELTNLVNNTDTN,0
CMTWNQMNLPKK,1
CNSSLSEYGVLGFEL,0
CNTCVTQTVDFSLDPTFT,0
CPGTSAEFFFKCGAH,0
CPKPLSRVSIMAGSL,0
CPNALKGKTVLENFV,0
CPQPQCRLEWCWNCG,0
CQEEHKNQGYYDYVK,0
CQFDSKLEAADEGSG,0
CQSPHCPGTSAEFFF,0
CQWIRQKFETPGIMQ,0
CRFWPTGRGIYHNDA,0
CRLEWCWNCGCEWNR,0
CRLKMDKLRLKGVSYSLCTA,1
CSAAVYEATMPTLPQ,0
CSKIPSLPDVTFVIN,0
CSMKGCMRALVAQLQ,0
CSTCRQATLTLTQGP,0
CTDVRSPVLVFQCNS,0
CTEDYLSLILNRLCV,1
CTIAPVGIFGTNYR,0
CTIAPVGIFGTNYR + CITR(R14),0
CTVMRSDGTSLYATR,0
CVDKWLKANRTCPIC,0
CVDTRSGNCYLDIRP,1
CVGEKRRVIIPSHLA,0
CVGSKFWEQSVRLGS,0
CVREGNASR,0
CVVEKTTTRRICKLD,0
CWNCGCEWNRVCMGD,0
CWVAMTPTVATREGKLPATQLRRHI,1
CYAKDMALFVASYAD,0
CYTWNQMNL,0
DAAALNILALSPPAQ,0
DAAFAGQGIVYETFH,0
DAATAQTLQAFLHWAITDGN,0
DADGSGTVDFDEFME,0
DAEAYTVFADLFDPI,0
DAEVQAAVAYLQSDE,0
DAEVQAAVEYLKSDE,0
DAFDREKKGCISTEM,0
DAFDREKSGSISTNM,0
DAFYTILDIPQKFNM,0
DAGAKTVVDSKLTYV,0
DAGIFMAVAAGNENMDAQHS,0
DALPELQNFLNFLEA,0
DANIRAEKAEEEARS,0
DATAVVLDMTLKFEG,0
DAVDFGYVFCDKMIS,0
DAVSQAGTWSALNSI,0
DAYPSGAWYYVPLGTQYT,1
DAYYNYLNNLVLASYNR,1
DCFIHQVKTSLYNAA,0
DCGVAGFRVDAAKHM,0
DCNGHGTHVAGTVGGTKYGL,0
DDFMLKLDGTPNKSK,0
DDGKIDSERLRHALM,0
DDGVPTRIRSAVLDV,0
DDIMCVKKILDKVGI,0
DDKGFINTAKLIQLL,0
DDLQDFLALIPVDQI,0
DDLTVTNPTRIQTAI,0
DDLYALFQEKLETSP,0
DDMSRTLLAMSSSQD,0
DDNGPHDPLPQDPDNTDDNG,0
DDPRNAAGGCEREPQ,0
DDQPRPRGDNFAVEKPEENI,1
DDQPRPRGDNFAVEKPKENI,0
DDQPRPRGDNFAVEKPNENI,0
DDQPRPRGDNSSVQKPEENI,0
DDQRLLLPHWAKVVL,0
DDTKKDMLGKLLSTGLVQ,0
DEEIIRMMQILIRKTK,1
DEFETIVVALDALPE,0
DEFETIVVTVDSLPE,0
DEGSGDVKYHLGMYH,0
DEILSSAFKLRITRG,0
DEIPAEQVVLLKKAF,0
DEIVSWLLKKTGPVA,0
DEKWELQIAINVNGV,0
DELDMMIEEIDADGS,0
DELPPEQIQLLKKAF,0
DENAFRDMVRRCNNV,0
DENPAIPKDKQPNSH,0
DEQEYYVKLGASVTG,0
DESERARKILESKGL,0
DESIGLQLPFSSWYV,0
DFCKDIRWSLGDFGD,0
DFDSVIDCNTCVTQTVDF,1
DFEARQLLRVLPCNH,0
DFFVDHYYSEFNWEN,0
DFGGFNFSQILPDPS,0
DFKNHNGFIRIIPLF,0
DFQLSVDSLLENNND,0
DFRGFLLSDYQFSWD,0
DFSIRTYTYADTPDD,0
DFWQMVWESGCTVIVMLTPLVEDGV,1
DGASYISTLAYQDEK,0
DGDALVFVDNHDNQR,0
DGEFTYVPLVGDDSW,0
DGFLVGGASLKPEFV,0
DGGGGHSHDSGHGGGDPHLP,0
DGLWHDVIFIREKSS,0
DGNGNIISPSINADG,0
DGNVQVKFFDTGSAV,0
DGQPRSMSCPSTGLT,0
DGTKDLLFKNSATGL,0
DGTMVYAQNKRQQVV,0
DGTTTATVLAQAIVR,0
DGVKIDNVDVGKLYT,0
DGVRGVLDRLMQRKDLDIFEQYNLEMAKKSG,1
DGWFNFVSTNFSNSLLIKNP,1
DHFIELIKKLFGLSH,0
DHLAVQSLIRAYQIR,0
DHLRIISMQMGGDLG,0
DHLVQQGIAHRDLKS,0
DHNDIITALCFSPNR,0
DHPNYMNWDTWRVYR,0
DHTNFKYNYSVI,1
DIAILTGGSVISEET,0
DICAVDGALAFLVGT,0
"DIGSESTEDQAMEDIKQM + PHOS(S4, S6)",1
DIHKLVLAALNRFIG,0
DIIAILPVDDLYALF,0
DIIEQMKGV,0
DIIMGTDMEGIGYSK,0
DIKNYEKRVADAVDF,0
DIPEQEPNIPEDSEKEVPSD,0
DIPEQKPNIPEDSEKEVPSD,0
DIPERKPNIPEDSEKEVPSD,1
DIPQQEPNIPEDSEKEVPSD,0
DIRDFYEMLLERREE,0
DIRWSLGDFGDIIMG,0
DITFRKLYLKRKLIY,0
DIVQPIIAKLYQGAG,0
DIVTLKTEVLTTVQE,0
DKAVEKEEHHFKAYS,0
DKDGVADVSIEDSVI,0
DKDGVADVSIEDSVI + PHOS(S13),0
DKDGVADVSIEDSVI + PHOS(S9),0
DKEACFAVEGPKLVV,0
DKGVDVDHIIELIHQ,0
DKIAKYIPIQYVLSR,0
DKIIELIRALFGLTH,0
DKIKDWSKVVIAYEP,0
DKILVQAGEAETMTP,0
DKILVQANEAETTTA,0
DKITAEDLDMMIEEI,0
DKLVEDHLAVQSLIR,0
DKMISHSLYNNEKGL,0
DKNNFGNSLAVVHGR,0
DKRTCIPMNHLWPNQ,0
DKVGINYWLAHKALCSEK,1
DKVVKVWNLTNCKLK,0
DLDKVFHLPTTTFIG,0
DLDQTMEQLMQVNAK,0
DLDSSVPADIISSTD,0
DLGKGGNEESTKTGN,0
DLHSNKFTSFPSYLL,0
DLHVKGSQHVATVEL,0
DLISDKVVHALESGL,0
DLISKEQIVIRSSRQ,0
DLKEANFDINQLYDC,0
DLKHFNLKYEDLHST,0
DLLGIPHIPVSGRKY,0
DLLGIPHIPVTARKH,0
DLLVFTYSERASKLF,0
DLNVSQDRIGYVYAF,0
DLNVSQDRIGYVYAL,0
DLQGEPRVGEDRHIL,0
DLRATFDQLGRLAVD,0
DLSIDEYMRIYQRLG,0
DLSSSVLPGDSVGLA,0
DLTRERKARDMVGQV,0
DLWEAFHTIYKKDNG,0
DLYCYEQLNDSSEEEDEIDGPA,0
DMEGIGYSKVVENNL,0
DMFSISLNNGTVIMD,0
DMGAVSMLKNLIHSK,0
DMQDIVVPAFYEIYP,0
DMVQLLKKYPIVWQG,0
DNAMDRALLCEQQAR,0
DNEFVLVEFYAPWCG,0
DNFEIDDKGFINTAK,0
DNGPQDPDNTDDNGPHDPLP,0
DNILVELDPDGCPWL,0
DNKEYISGLDRKVEV,0
DNLKTKKTPTFGSTL,0
DNNGNRHVPNSEDRETRPHG,0
DNTRAFNVSIETPVL,0
DNTRAFNVSIKTPVL,0
DNVDVGKLYTYFEPY,0
DNVLHSAFEV,1
DPDNTDDNGPHDPLPQDPDN,0
DPEIQKIKSREREQI,0
DPEMRWNKGTILKAS,0
DPHLPTLLLGSSGSGGDDDD,0
DPIHYDKITEEINKAVDEAVAAIEKSETFD,1
DPKELLARIQSLLRRSHKKE,1
DPLDTRRLQGFRLEE,1
DPPTFPALGTFSRYE,0
DPRMARSSPYPTDVA,0
DPSNVRNCELVGLHD,0
DPVGLKFLERNIPRD,0
DPVGVAVRLSKDIAA,0
DPVVMGKTKAEQFYC,0
DPYNNYGLAPSALQN,0
DQAMEDIKQMEAESI,0
DQEEKPFTSNKGPRI,0
DQLITGKVTEAQFSP,0
DQPQILLSDKKIAAM,0
DQRKVTCEGGNGLGC,0
DQVHFQPLPPAVVKLSDALI,0
DQVLERISTMRLPDE,1
DRELLLELSTRLFGA,0
DRGGNGCLMAPEVST,0
DRHILPRFTILVRLL,0
DRLASYLDKVRALEE,0
DRPFQTEYNPQLRYP,0
DRPIHSYDFVTPNMF,0
DRRGEMFYYTRQQLY,0
DRRHYFVEIDRFPYK,0
DRVNEGMFLYSFNIA,0
DSDGSGTVDFDEFME,0
DSDVGEFRAVTELGRPDAEY,1
DSERLRHALMTWGDK,0
DSERRVYSRSSDRSG,0
DSFQISWSAIWSTGF,0
DSILSLKSGISLGSP,0
DSKSLLRKYLTKEVF,0
DSLKLALKIEKLLSYGLTMA,1
DSLPEFKNFLNFLQT,0
DSLSPRRAGAKAGPGLSPGT,1
DSLTISNLTTSQQDI,0
DSNIITVVVDTALYI,0
DSNSNEGRHHLLVSGAGDGP,0
DSPWPGFFTLDGQPR,0
DSQVVRREIAKALSK,0
DSRKDSPPAGSPAGR,0
DSSVVAQEQDTYKVL,0
DTADRPPVPITQILGFGPRS,0
DTDQEFLDTKWFLDE,0
DTEKQIKKQTALVEL,0
DTIKKMANDVIQSPGEGTTG,0
DTKLRIMKTHQFTNC,0
DTNFHSDITFRKLYL,0
DTPDDFQLHNFSLPE,0
DTRGLPEDLQDFLAL,0
DTSSSSESSSSSESH,0
DTTVAPAGTQAIIDT,0
DVDHFIELIKKLFGL,0
DVDKIIELIRALFGL,0
DVELRIMPPVQENDN,0
DVENTAKQRFNHAIR,0
DVFIFHKKYEEVEQH,0
DVGVDVTVGLPVQKQ,0
DVIDEIISLESSYND,0
DVIFIREKSSGRMII,0
DVIGQVRRPEMGDQAHMPYT,0
DVIQRAYETRMSDVH,0
DVISGSYENGSCTGK,0
DVKLNMLGKAERVII,0
DVKYHLGMYHRRINR,0
DVLAILPIEDLKALF,0
DVLGYYKILSEKYKSDLD,0
DVPLTIKDPAVGFLE,0
DVPRHGEQFYYFNQQ,0
DVSYSKSYLYGYKSK,0
DVVLQQHSIAYGSS + DEAM(Q6),0
DVVPMSQQPFQIELN,0
DVVSQTESLKAAFIT,0
DVVVGIAAPGCPNAL,0
DWKYVDGEFTYVPLV,0
DWTGGALLVLYSFALMLIII,1
DWYYAQLQNLTKRID,0
DYDGITANMICAAVP,0
DYHPSYYYGYATQYD,0
DYLANDAEVQAAVAY,0
DYLANDAEVQAAVEY,0
DYLINLKAKINDCNVEKD,0
DYQNEFDFLLMERIHEQIKKGELALFYLQ,1
DYQSYRTLMRKVYDA,0
DYVRGKMIEYLNHLV,0
EAAFNDAIKASTGGAYESYKFIPALEAAVK,0
EACGVYTPRCGQGLR,1
EAFLAEMEKAKGNPESSFND,0
EAHVKITKLSDLKAIDDK,1
EALEILQQNKILANFV,1
EALVTHGEDTADRPPVPITQ,0
EALYQTKYEELQITA,0
EAMEKELREAFRLYD,0
EAMQHELREAFRLYD,0
EAMQQELREAFRLYD,0
EARAEFAERSVQKLQ,0
EARFTLNQEAHYQFD,0
EARIVTVTPGSQLQG,0
EAVMYVCKVAAEWRS,0
EAYEGKTTYTYEKQD,0
ECKETVPMNCSSYA,0
ECSAVFEASGTTTQA,0
ECYDAGCAWYELMPAETT,0
ECYDAGCAWYELTPAETT,0
EDAFKKAYNAFKSLD,0
EDILTHIGNVASSVP,0
EDKTVKLKGAAPLKI,0
EDLDMMIEEIDSDGS,0
EDLQDFLALIPIDQI,0
EDSEKEVPSDVPKNPEDDRE,0
EDSIYPKSMLLNIFT,0
EDSVISLSGDHCIIG,0
EDSVISLSGDHCIIG + PHOS(S6),0
EDSVISLSGDHCIIG + PHOS(S8),0
EDTKLKIPLIHRALQ,0
EDTKNHAVSFTVTKE,0
EDYRFQEGDWPNLKP,0
EEADKKYDEVARKLA,0
EEARSLQKKIQQIEN,0
EECVLQMGGVLCPRP,0
EEDEVSIKEAAEAVV,0
EEDLERSEERLATAT,0
EEEISKYDKICEEAF,0
EEEKLIEILEELARRFK,0
EEETEQNPEIIPANL,0
EEIVKFLAAGPLDPN,0
EEKANLREEEYKQQI,0
EEKLQSSPLQHLFEV,0
EEKNRLNFLKKISQR,1
EELAFDGVKIDNVDV,0
EENLIAPVFSIHHAR,0
EEPYFLISNLPYYIATR,1
EEVALSTTGEIPFYGKAI,0
EFASKNKVTYPLLGI,0
EFCTLASRFLVEEDA,0
EFDPNSKVHAIMNIG,0
EFFGHSVNLLEVELR,0
EFKALYDAIRSPEFQ,0
EFKEAFQLMDADKDG,0
EFLQRKWSSEKRFGL,0
EFMFINDLEQCQWIR,0
EFNNDLKQTLQTCLP,0
EFQSIVETLKAMPEY,0
EFQSIVQTLNAMPEY,0
EFVSLASRFLVEEDA,0
EFVTLAAKFIIEEDS,0
EGCEVLIPALKTIID,0
EGCPAAANGHVIYVQ,0
EGCTSELQEQCEEERCLPKR,0
EGGPPLRIAQRMRLE,0
EGIGYNIIRVPMASC,0
EGIGYSKVVENNLRS,0
EGIIDPTKVARVALE,0
EGLGHGRTLFLVMKN,0
EGLHGFHVHEFGDNT,0
EGMQFDRGYQSPYFV,0
EGRHHLLVSGAGDGPPLCSQ,0
EHFDVDLDNVVNVKV,0
EHFKGLVLIAFSQYL,0
EHKLQFWAVTAENEP,0
EHNPRKVIDLLLSLY,0
EHPETSLRDPAFYQI,0
EHRMTWDPAQPPRDLTEAFL,1
EHTLNVLINNAGCMV,0
EIDGKQTHQSVAISR,0
EIKIVATPDGGS,0
EILLQYLQDESKTKR,0
EIQPFTYTKPFKTPY,0
EIRVLHLLEQIRAYC,0
EISPAMLNDIGINWV,0
EIYNKQKGMLVSHIN,0
EIYPWLFVDSDVIQR,0
EKALTASKGKLFFGM,0
EKCCVETKMKMLFLA,0
EKFPSSPPTTPPSPAKTD,1
EKGVDVDKIIELIRA,0
EKILHIKHWLDSPWP,0
EKKFYFGGSPITPQY,0
EKKGCISTEMVGTIL,0
EKLHWDVVPMSQQPF,0
EKNGGCMHMKCPQPQ,0
EKNIFTFNLNLNDILNSR,0
EKPEPIHLSVSTPVT,0
EKRVADAVDFGYVFC,0
EKSGSISTNMVEEIL,0
EKVGSIFLQLKLVVK,0
EKVTPVIAPKITSVI,0
ELAVFREKVTEQHRQ,1
ELAYFYPELFRQFYQ,1
ELDPDGCPWLVIADF,1
ELEFEEFCTLASRFL,0
ELEFEEFVSLASRFL,0
ELEKERSLLLADLDK,0
ELFYYANDYDTFYKT,0
ELIALIRANYWQKLV,0
ELIHQIFNIVRDTRG,0
ELIHVLHGLYGMQVSS,1
ELIVDKSRLGSKNPT,0
ELKSPPLSLRSSLPI,0
ELLKQSFEATQQKEI,0
ELLYYANKYNGVFQE,0
ELNRVIQRLRSEIDS,0
ELNYFYHDVGLNTYY,0
ELPLQALVMGEGTCE,1
ELQRKLSNLSNLSHD,0
ELQRVPLYKLVHVFI,0
ELREAFRLYDKEGNG,0
ELRNVGDLSYSTSLV,0
ELRVVGNNLKSLEVS,0
ELVKSKSVSPYHSET,0
EMAYCQHIGVEFMFI,0
EMGLSNAVKVGKLED,0
EMIQHYTLDQVNQHK,0
EMLFNFLKEQLNKLLGLLRLF,1
EMLGHRLDDDMLQEI,0
EMLGTRLDQDMLDEI,0
EMVYSLLSMLGTHDK,0
ENANQLVVILTDGIPDSIQD,0
ENDIKFAQEGISYYEKVL,1
ENFDIPKKPENKHDNQNNLP,0
ENFKQEHTLNVLINN,0
ENFSLQTDMTRRQLE,0
ENKDYMILLSALTNF,0
ENLHLPLPLLQSWMH,0
ENNSSPSSESQVNKS,0
ENQFCVSEKPLDTCM,0
ENVKNVIGPFMKAVCVEVEK,0
ENVKRLLFCTGKVYY,0
ENVYIELTLPQFYSF,0
EPARQSSRGSRKAQR,0
EPERTAMKKIQDCYVEN,0
EPGLAFVAAKFDGIL,0
EPLDVPDEPEDDQPRPRGDN,0
EPLDVPHEPEDDQPRPRGDN,0
EPLDVPQEPEDDQPRPRGDN,0
EPLHYDRPFQTEYNP,0
EPMIGVNQELAYFYPELF,1
EPQIYRRIREWGRDY,0
EQAQQRRKQWWNESK,0
EQERIVKIEAIKKSL,0
EQFYCGDTEGKKVMS,0
EQIQLLKKAFDAFDR,0
EQISVLRKAFDAFDR,0
EQIVIRSSRQPQSQN,0
EQKFQKVKGFGGAMT,0
EQKKESKFLPFLTNIETL,1
EQLLRLKKYKVPQLE,0
EQLLSYFTEDVFLNA,0
EQLSPFPFDLLLKEV,0
EQLTSDELDMMIEEI,0
EQQARDANIRAEKAE,0
EQVPLVQQQQFPGQ,0
"EQVPLVQQQQFPGQ + DEAM(Q2,Q8, Q10)",0
EQVVLLKKAFDAFDR,0
EQYIYVKSPTAELIK,0
EQYNLEMAKKSGDILERDLKKEEARVKKIEV,1
ERAETGESKIVELEE,0
ERALKAWSVARLSQK,1
ERAPGAPAFPLAIKM,0
ERDDYVTIHWENIQS,0
EREPQSLTRVDLSSS,0
EREQIKSLNNQFASF,0
ERFFSDKIAKYIPIQ,0
ERFLQMCNDDPDVLP,0
ERGPPGPRRPPRGPPLSSSL,0
ERKLGLILERTYDPY,0
ERKQSDPQSQDNNGNRHVPN,0
ERPVLVRQSTFIKEA,0
ERQGVVGLFQPGLVG,1
ERRAKEKLQEQQRDLEQRKADTKK,1
ERVRYLDRYFHNQEENVRFD,1
ERYQLVSYNLNSRSG,0
ESDIFMLIFDAMHSF,0
ESFSARMNFLAAMPF,0
ESKAQIWTAMMYSVK,0
ESKGLADEERMDALE,0
ESLKFNPYDSSRREQ,0
ESNESVLAKKIINNQ,0
ESPVDQDPDCLFCED,0
ESQSLTLTDVENLHL,0
ESVPDEKLHWDVVPM,0
ESVPPDVRQLVRALL,1
ETEDSFIADLVVGLS,0
ETIHKIVLNPEIYNK,0
ETKMKMLFLANLECE,0
ETLLRAVESYLL,1
ETLNPVVQQNLKLSS,0
ETMREKVLASSARQR,0
ETPVLSVNATSVRLQ,0
ETQYVRLVPIICHRG,0
ETSVALHLIATNSRN,0
ETTMRSPVFTDNSSPPAV,1
ETTTASGLVIPDTAK,0
EVCNDEVDLYLLMDCSGSIR,0
EVCVRQLKAIANKKWFKTNAPNGVDEKIRI,1
EVDHLYPTTYLNPWQ,0
EVDLTTDLGLFRAAV,0
EVDSDTSIFQLKEVV,0
EVERFLAQLSEFAAT,0
EVGWLALHHNARDAA,0
EVIHQVEMHQVRDLK,0
EVKAEQVKASKE,0
EVKIVATLKALQNAH,0
EVLYLKPLAGVYRSLKKQ,1
EVPARPAYMMPQDFD,0
EVQQKLIDDHFLFKE,0
EWETYQGDYYESRYY,0
EWLGQIVEGNSMHPD,0
EYLKSDEFETIVVTV,0
EYMRIYQRLGVHFDE,0
EYQNLIQKLKDKGVD,0
EYSRRSLYYSNGYSH,0
FAERSVQKLQKEVDR,0
FAGAAGSAKSAAGTASHVSI,1
FAGAAGSAKSSAGTASHVSI,1
FANAPGVAQV,0
FASEACVGSKFWEQS,0
FASVTYHVESDLQNS,0
FAVATITHAAELQRV,0
FAVEKPNENIIDNNPQEPSP,0
FCNSVRVMMTAQLGS,0
FDGILGMAYSTISVD,0
FDLVIFHQMSSNIME,0
FDNSDQGPPQDGNGN,0
FDNTIRVWQVSVFAR,0
FDQLGRLAVDKELDE,0
FDYKLRQHNTFLDTE,0
FEAIKKLINDDTKKDMLG,0
FEASGTTTQAYRVDE,0
FEATVRGAKRMAVLGDTAWD,1
FEEIRNLALETLPA,0
FEEIRNLALETLPA + CITR(R5),0
FEQKESNGPVKVWGS,0
FETIVVTLDALPELQ,0
FETIVVTVDSLPEFK,0
FFFGFSIVLVLGSTF,0
FFQQQRILLRLHRCF,0
FFQRLELGDMQALAL,0
FFYFFTGSSQLEFDP,1
FGDIIMGTDMEGIGY,0
FGDNTAGCTSAGPHF,0
FGDVFSLQLAWTPVVVLNGL,0
FGEKDDLISDKVVHA,0
FGLSGKDDWENLEID,0
FGSLLKEGIHIRLSG,0
FGTDPLLSAISPAVS,0
FGTGEQAQQRRKQWW,0
FHLKQHKPETFLSNS,0
FHLPTTTFIGGQESA,0
FHMYRSLLGHITDPF,0
FHTIYKKDNGSPTDP,0
FHVHEFGDNTAGCTS,0
FIADLVVGLSTGQIK,0
FICPGQAKWVRQNGI,0
FIKEFPVVSIEDPFD,0
FINNIHDLLGIPHIP,0
FIPVENLETTMRSPVFTD,1
FISLLLLFSSAYSRG,0
FIVGDKKEDEWRMAFDRLMMEELETKIDQVEKGL,1
FKAYSYCGVGPHDSV,0
FKDKSAGTKMFLDAL,0
FKEVLLSYQSKLGPMKWLE,1
FKNFLNFLQTNGLNA,0
FKPVIIYNFLQSLRLLSDSME,1
FKSLDIVINNAGILN,0
FKTFEDDGKIDSERL,0
FKTPYNPQLRYPNGQ,0
FKVKYDTDQEFLDTK,0
FKVLQLFTGLNYDVP,0
FKYNYSVIEGGP,1
FLAFGLGLGLIEEKQ,0
FLAIGFIYALKRNALSWQK,1
FLALIPIDQILAIAA,0
FLALIPVDQIIAIAT,0
FLATCINGVCWTVYHGAG,1
FLDTELVYPTSLGFP,0
FLDTKWFLDEFKVLQ,0
FLEKLSLLLNGGCKV,0
FLFKEGDRFLQHANA,0
FLFVENDVIQKAYDY,0
FLGIVLFIFGCLLVLGIWIY,0
FLLLADARV,1
FLNGIHDLLGIPHIP,0
FLNNIETLYKTVNDKIDL,0
FLPFSAGRRACLGEPLARME,1
FLPYPYYAKPAAVRS,0
FLQLLLVTL,0
FLSNSAVSRVIADGD,0
FLSTGMVFENLAKTVLSN,0
FLVGCHPSDGKCNLYADSAW,0
FLVGTLTYRSQTNTL,0
FLVNGRDVQNNIVDEIKYRE,0
FLVVTILALTLPFLG,0
FLYYYILCYARDFGS,0
FMGDIHQPL,0
FMTLGLSEEKAIYFS,0
FMVQSLERVVEHNPR,0
FNMVGFRNAVAGTAV,0
FNPCLTEAQYKEMED,0
FNPVCGTDGVTYDN,0
FNTYFRYMYPTWFNY,0
FNVSIETPVLSVNAT,0
FNVSIKTPVLSVNAT,0
FNWENKTMGFGRSVE,0
FNYETETTSVIP,1
FPFDLLLKEVQKYPN,0
FPGLVKYMSSGPVVP,0
FPNSIIKRDSLRKRS,0
FPSGARPFFYQEVID,0
FPTLLLIVTLYRLALNVATTRM,1
FPWDPVASKAAFYPL,0
FQCNSRHVICLDCFH,0
FQDGEHFGEIIFGGS,0
FQGEKYPLYENYIKG,0
FQLHNFSLPEEDTKL,0
FQLMDADKDGIISKN,0
FQMKQPYYTREELAF,0
FQNALIVRYTRKVPQ,0
FQRVIPEDGPAAQNP,0
FQVAHLHAPTGSGKSTKV,1
FRAVRSVLANGMKLL,0
FRFTPFKQAVKETCA,0
FRGSWIIAAGTSEAL,0
FRLEEYLIGQSIGKG,1
FRLYDKEGNGYIPTS,0
FRLYDKEGNGYITTA,0
FRLYDKEGNGYITTN,0
FRNAVAGTAVSNWWD,0
FRPWWERYQLVSYKL,0
FRPWWERYQLVSYNL,0
FSADEVDDAYDNFEI,0
FSDFFRYGRVESVKI,0
FSIRLKTRSSHGMIF,0
FSKAALVSGAVSINS,0
FSLPEEDTKLKIPLI,0
FSMFSQKQVAEFKEA,0
FSNMDIKGKNALVTG,0
FSPNHSNPIIVSAGW,0
FSQMYHAQLAFSTAF,0
FSRYESTRSGRRMEL,0
FSTAFDNKEYISGLD,0
FTCLLAVALAKNTME,0
FTGKPGRAYGLGRPG,0
FTNEEKRTLLARLVR,0
FTQLLTLFAGRMSGG,0
FTQPLMYKQIRKQKP,0
FTSLLQHFSFSVPTGQPRPS,0
FTSSVPLLPGALVDY,0
FTTTVSHATSLVNGS,0
FTVYVIVTPYDKAVE,0
FTWPPWQAGILARNLVPMVATVQGQNLKYQEFFWDANDIYRIFAEL,1
FVAAKFDGILGMAYS,0
FVATFGAASNKAFAEGLSGEPKGAAESSSKAALTSK,0
FVDSPIIVDITKDTF,0
FVEGNLKYFNMGVQK,0
FVEIDRFPYKVQAGK,0
FVEVTKLVTDLTKVH,0
FVHSKQYFWNENENI,0
FVIHLEAKVLNYTYEKSN,0
FVNDVLTPWGCYAKD,0
FVRIQPVAWHNRITL,0
FVRTHLYPHVSEDVI,0
FVSCCGELTV,0
FWAFDNTTFSNASAV,0
FWAVTAENEPSAGLL,0
FWEQSVRLGSWDRGM,0
FYCVPLGPAANHYMK,0
FYDQHYYEEKKRNQF,0
FYGHIFHMYRSLLGH,0
FYHLGHFSKFIPEGS,0
FYNMVKQGLVSQPIF,0
FYPELFRQFYQLDAYPSG,1
FYTEFDMENNRVGFA,0
FYVIVTPYAKQDDHD,0
FYVYCKGPCQRVQPG,0
GACVCPNLQKYEKLK,0
GAFTGEISPAMLNDI,0
GALCILLLMITLLLIALWNL,1
GAPLGGAARALAHGVRVLED,1
GAPPGTAYQSPLPLS,0
GASILTYKTSKLYKM,0
GAVQNEVTLTHPITKYIM,1
GAYMSKAHGVDPNIRTGV,1
GCAGPCGRAVFLAFG,0
GCCLADESIGLQLPF,0
GCGAGLLPEPDQRKV,0
GCIITSLTGRDKNQVEGE,1
GCLMAPEVSTARPGP,0
GCPVYVGTKHAVVGI,0
GCPWLVIADFGCCLA,1
GCVIAWNSNKLDSKV,0
GCVIAWNSNNLDSKV,0
GDDSWKFRLDGVKIG,0
GDFGDIIMGTDMEGI,0
GDGPVQGIINFEQKE,0
GDIYHQTWARYFVKF,0
GDLLLKLNNYRYNKD,1
GDLSYSTSLVKAHSM,0
GDRFLQHANACRFWP,0
GDSRGSLLSPRPISYLKG,0
GDTEGKKVMSILLHG,0
GDVFIQYICKCPLGY,0
GDVNVEMNAAPGVDL,0
GEALATLVVNKIRGT,0
GEFSIQTDAKTDVPM,0
GEKDFEDYRFQEGDW,0
GELKGQFYPLTGMTK,0
GENFVDQQNTDCNGHGTHVA,0
GEQFYYFNQQMFARY,0
GESKIVELEEELRVV,0
GETALALLLL,0
GEYGAVTYRKSKRGP,1
GFAFCRECKEAYHEG,0
GFAMASPNALVLWEA,0
GFFTLDGQPRSMSCP,0
GFLSTDVLDIGGLKV,0
GFLTFCPTNLGTTVR,0
GFNFRTLQPNGLLFY,0
GFPFKYVKDRVD,1
GFRVDAAKHMWPADL,0
GGAMTDAAALNILAL,0
GGASLKPEFVQIINA,0
GGAYDIIICDECHSTDAT,0
GGDLGQVYRRLVTAV,0
GGDQGPPLMTDGGGGHSHDS,0
GGGILRNVSSLIATN,0
GGGPDNGPQDPDNTDDNGPQ,0
GGGSSLRISSSKGSL,0
GGHILLLDLSTRRLI,0
GGIQEVTINQSLLQP,0
GGKGGVIVNIASILG,0
GGSAVANIDMLRLSE,0
GGTLSPLRAASDPLL,0
GGVPSNFKLPASLNL,0
GGVSLPEWVCTTFHTSGY,1
GGYVVLDESFNIGLK,0
GHAVGLFRAAVCTRGVAK,0
GHEYDLNERRNYFVE,0
GHFVKPEAFLPFSAGRRACL,0
GHGAGGASILTYKTS,0
GHGGGDPHLPTLLLGSSGSG,0
GHHVAQLDPLGILDA,0
GHLNEPHTHVIPVNF,0
GHSHFVSDVVLSSDG,0
GIAQRKLQSVTAELE,0
GIAVHWYLDFLAPAK,0
GIDIDHTQSYRKQME,0
GIHDLLGIPHIPVSG,0
GILDADLDSSVPADI,0
GILFHATQAEQLTKC,0
GINTPPVLVHNQLVL,0
GINWVILGHSERRNV,0
GIPAIYLESTKNILP,0
GISYYEKVLAKYKDDLES,1
GITGLIDDIIAILPV,0
GITKIGNQNFLTVFD,0
GIWIYLLEMLWRLGATIWQL,1
GIYAPDAEAYTVFAD,0
GKAIPLEVIKGGRHLIFC,0
GKASRNLQDDLQDFL,0
GKDCKAMLWDLNDGK,0
GKDFFKPLRILLTGNSHGVEF,1
GKDYILRVSQLGHTV,0
GKHGKVFLTVPSLSS,0
GKKQKHRNVKSHRIR,0
GKKSLEQWVTEEAACLCAAF,0
GKLEDVPNVDIRARN,0
GKLMELGHKIMRNLE,0
GKLYTYFEPYEMGLS,0
GKNTIQRNSHDSSVV,0
GKRVVLPVEIPIQCE,0
GKTEEVVFQQTKAIA,0
GKTKAEQFYCGDTEG,0
GKVMVLCNRAFNPV,0
GKVTEAQFSPVNTQF,0
GKVYYDLTRERKARD,0
GLAARLQRQFVVRAW,0
GLALLLLLLALLFWLYIVMS,0
GLCTLVAML,1
GLDESDLDKVFHLPT,0
GLEWVAVISYDGGNK,1
GLEYVKQLLENGAQH,0
GLILGLLRRHASSLIVFKL,1
GLLFYYASGSDMFSI,0
GLLGCIITSL,1
GLNAVAYYR,1
GLPKKRIVVEFSSPN,0
GLRYLHSAMIIYRDL,0
GLSHFIITSVSPARY,0
GLSLIGYLITKKNVF,0
GLTLNAKASRNLQDD,0
GLTLNGKASRNLQDD,0
GLYHSFNCI,0
GMFLYSFNIAIMHRE,0
GMILFYFIKSLGNNLLHKN,1
GMNDGIAELIKIESS,0
GMPEVYVEGKRVDYN,0
GNDHYYEYILWKYHG,0
GNEESTKTGNAGSRL,0
GNENMDAQHSSPASEPSVCT,0
GNFFHVLRRQILLPF,0
GNFIANLKEALGHQV,0
GNKGFVAFNDEFNND,0
GNKPVYEVAIPDRLT,0
GNLCYSGFQPCGHSD,0
GNNLKSLEVSEEKAN,0
GNQNFLTVFDSTSCN,0
GNTHILHYLRPYIIQ,0
GNVTADKDGVADVSI,0
GNVTADKDGVADVSI + PHOS(S14),0
GPGAEPRRVGLGLPN,0
GPGDFHSTCTVSNYQ,0
GPHDPLPHSPSDSAGNDGGP,0
GPLEHLYSLHIPNCD,1
GPLLCPTGHAVGLFRAAV,0
GPLRSIVKSLLLVPN,0
GPRLGVRAT,0
GPRRPPRGPPLSSSLGLALL,1
GPRSQGVFLARYGPAWREQR,0
GQDMSEEETEQNPEI,0
GQESALPLREIIRRL,0
GQFMSLQTQHPRMPL,0
GQGINVAFNRFLVGCHPSDG,0
GQGIVYETFHLSDLP,0
GQGLRCYPHPGSELP,1
GQQQPFPPQQPYPQ,0
"GQQQPFPPQQPYPQ + DEAM(Q3, Q9)",0
GQVELGGGGIVEQCC,1
GQVELGGGPGAGSLQ,1
GRAVKNVQINSVYSF,0
GRAYGLGRPGPAAGC,0
GRGIEDSLTISNLTT,0
GRMIIDGLRVLEESL,0
GRNFNISSQYYIQQN,0
GRPFRPNGLLDKAVSNVIAS,0
GRPVSFSKAALVSGA,0
GRTGRGKPGIYRFVAPGE,1
GRTIIQRDNGYQPNYHAVNIVGYSNAQGVDYWI,1
GRTLFLVMKNYPCTL,0
GSATLNVDVPKLGRK,0
GSFLYEYSRRHPEYA,0
GSGVKVKIIPKEEHCKMPEAGEEQPQV,0
GSILKISNKYHT,1
GSIYHYYRQLAGKSV,0
GSKLEDVKLNMLGKA,0
GSQHVATVELYYNAE,0
GSSELEKVGSIFLQL,0
GTAIFHATGGLAQSA,0
GTDGVTYTNDCLLC,0
GTDMEGIGYSKVVEN,0
GTFSHRHHVLHDQNV,0
GTGLLLTLQPEQKFQ,0
GTNISKEHDGECKE,0
GTNLTHQDNVPSWGLARVGS,1
GTTVRASVRIKVPKL,0
GTVDFDEFMEVMTGE,0
GTVGVAPGQQ,0
GTVHVVVNNQIGFTT,0
GTVNFKINRELLTKT,0
GTVTESIQAHTLAKA,0
GVALVRAINSLDNLR,0
GVCWTVYHGAGTRTIASP,0
GVDVDHIIELIHQIF,0
GVDVDKIIELIRALF,0
GVDYVIMGMPHRGRL,0
GVFNYETETTSV,1
GVKIGDTTVAPAGTQ,0
GVLAIHVNSKVGSKS,0
GVLLLSLVITGICYR,0
GVLVFTKENFKKGVS,0
GVNLIWNHKRDKNNF,0
GVPDVILPVPAFNVI,0
GVPYSHVMPRRLSTQ,0
GVRIYVDVVLNQMTG,0
GVRLSMPGFHARLGA,0
GVSGVINAL,0
GVSLAALKKALAAAG,0
GVTPVFYNMVKQGLV,0
GVYDISNKRRMGLTE,0
GVYRSLKKQLENNVMTFN,1
GWRKLPPNLSPTIEY,0
GWTDWNLALNPEGGP,0
GWVTQIATNPKYPDM,0
GYFADPKDPHKFYICSNWEAVHKDCPGNTRWNEDEETCT,1
GYFDNTIRVWQVSVF,0
GYFFGFQGEKYPLYE,0
GYFNTHTAAEVVQKG,0
GYITTNVLREILKEL,0
GYKSKKINYDSLYNL,0
GYLHVFYDFGFSNGP,0
GYLITKKNVFIGTGH,0
GYPALYAFSTFFYPK,0
GYPRVMSSFSFDNSD,0
GYVALTIKHVTTHDI,0
GYVFCDKMISHSLYN,0
GYYFCSVVSNSILYF,0
HADIRVEALFLLMKA,0
HAQLAFSTAFDNKEY,0
HAVHFLNESGVLLHF,0
HAVSFTVTKEQSKFY,0
HCIIGRTLVVHEKAD,0
HDEFLNEDIFLKGID,0
HDLLGIPHIPATGRK,0
HDLLGIPHIPVSGRK,0
HDNQRGHGAGGASIL,0
HDPLPQDPDNTDDNGPQDPD,0
HDPRVITVSSGGMLV,0
HDQNVDKRTCIPMNH,0
HDSGVGIYAPDAEAY,0
HEDFQGRAKWGENFVDQQNT,0
HEKADDLGKGGNEES,0
HEMRTKRDHVLPACR,0
HEVQRFGDIVPLGVTHMTSR,0
HFFIGDFFVDHYYSE,0
HFGEIIFGGSDWKYV,0
HFSKFIPEGSQRVGL,0
HGAGTRTIASPKGPVIQT,0
HGCFDQLSPLVGLTF,0
HGFPVEVDSDTSIFQ,0
HGMEGMGPEHSSARP,0
HGQALFLGIVLFIFGCLLVL,0
HGQGGSTADTYNLQY,0
HGRTFSSLFQVANQY,0
HGVDPNIRTGVRTITTGS,0
HGVFAFLLSPSPYELCAVPR,0
HGVKAQLNSPWKQVS,0
HGVQIVHSSGELFQE,0
HHDDSLPHPQQATDDSGHES,0
HHHSTDLNVSQDRIG,0
HIGNVASSVPVENFT,0
HIGSQLVLKLLSLQLTQPVRYK,1
HIIELIHQIFNIVRD,0
HINEGQFLYALSSAL,0
HIRRGVGITGLIDDV,0
HIVDLSLPKSVWKFV,0
HIVQNDAFYTILDIP,0
HKHGVAPSALEHPET,0
HKMIAMGSAAALRNL,0
HKPETFLSNSAVSRV,0
HKVEQGASVDKRHD,0
HLDYVKNLTVSKLCD,0
HLEAADPVVMGKTKA,0
HLFEWKFADIADECE,0
HLITVLPAAVSDKNK,0
HLKNVIQGKFGLDAT,0
HLLRFDEVLYRSSQD,0
HLNDAVTSKLQTCLL,0
HLRQDFASVTYHVES,0
HLRRGVGITGLIDDI,0
HLSLRGLFV,0
HLVEALYLV,0
HNAPFLYYYILCYAR,0
HNGVVQESYYRYVAREQSCRRPNAQRFGISN,1
HNLKNSHVHFRFVPS,0
HNTAQCIIDQFICPG,0
HNWVNHAVPLAMKLI,0
HNYGVGESFTVQRR,1
HPHLSFMAIPPKKNQ,0
HRALQLAQRPVSLLA,0
HRGRLNVLANVIRKE,0
HRNVKSHRIRREYTE,0
HRRARSVASQSIIAY,0
HRRGVGITGLIDDII,0
HRSGSTIGKAFEATVRGAKR,1
HSAMIIYRDLKPHNV,0
HSDEHHHDDSLPHPQQATDD,0
HSDITFRKLYLKRKL,0
HSFYELYQSLIAMQKRSLKNQ,1
HSHDSGHGGGDPHLPTLLLG,0
HSLYNNEKGLEWLGQ,0
HSRPDIQIQAMRLAE,0
HSTCTVSNYQDPSNV,0
HTKLSSSSSITLTLP,0
HTPIIVREPEDLPQG,0
HTPINLVRDLPQGFS,0
HVGDLGNVTADKDGV,0
HVGHLRSTIIGNFIA,0
HVMPRRLSTQRYRLQ,0
HVNSKVGSKSQTTTT,0
HVPLLIVLDSYMRVA,0
HVPVKFQINLDFKNH,0
HVRRGVGINGLIDDV,0
HVVLKSGFKRPSANN,0
HVWDGRSAIVHLFEW,0
HWDAWTAMTAATPIQ,0
HYFNKFQMKQPYYTR,0
HYLFKGFSALENLQVASI,1
HYQFDSIHKFEFASK,0
HYYSEFNWENKTMGF,0
IAAPGCPNALKGKTV,0
IADGDNLKNFTFYSG,0
IAEVDADGSGELEFE,0
IAGPVSEVTALNRQI,0
IAIATDYLANDAEVQ,0
IAILPVDELYALFQE,0
IALYLQQNWWTLLVDLLWLL,0
IAVGLLLYCKA,0
IAYEPVWAIGTGKTA,0
IAYGSSQVLQQSTY,0
IAYGSSQVLQQSTY + DEAM(Q11),0
ICDDLDMTFTELIGN,0
ICDECHSTDATSISGIGT,1
ICKINVAVNIEPQTY,1
ICKLDCSKIPSLPDV,0
IDDIIAILPVDDLYA,0
IDEVDADKSGRLEFD,0
IDFLNGIHDLLGIPH,0
IDKVRFLEQQNQVLQ,0
IDLFKNPYDFEAIKKLIN,1
IDLLERLKELNLDSS,0
IDNNPQEPSPNPEEGKGENP,0
IDNVNKIIVPELLKQ,0
IDRFPYQLHTGKNTI,0
IDRMEKYNFDKMIYV,0
IDTDINFANDVLGYYKIL,0
IEDSFKLLNSEQKNTLLK,0
IEEDSEAMEKELREA,0
IEEKQAESRRAVSAC,0
IEFLNNIHDLLGIPH,0
IEFQQSVSKSQVKPD,0
IEKLVLARALKLVLAV,1
IEMLFYMKNLERKKLQSS,1
IEQIKRYLKASVENLNDNE,1
IESIRKQTAIEIEQL,0
IFCQIIPAVANVAPP,0
IFGGSDWKYVDGEFT,0
IFGLVNPFYGQGKAH,0
IFLQLKLVVKKGNQT,0
IFNIVRDTRGLPEDL,0
IFNLTTDNANILIQV,0
IFRRDLLCPLGALCILLLMI,0
IFSILVLASTITILK,0
IFTPKSLLRHPEARS,0
IFTQKSKPGPDPLDT,0
IGDAFRGNNAIKWLV,0
IGFTTDPRMARSSPY,0
IGGAPPEILQSRTLR,0
IGMIFQHFNLLSAKNVFENVA,1
IGPKPTLIPSQSPMT,0
IGVNQELAYFYPELF,0
IGYSKVVENNLRSIF,0
IHAQQKEPMIGVNQELAY,1
IHENLIVTSPFRPWW,0
IHGGLSRILKTRGEM,0
IHHARFQDGEHFGEI,0
IHLSVSTPVTQGGTV,0
IHQHSIIPEQVTVGD,0
IHQIFNIVRDTRGLP,0
IHSTEYTGFGRVTEF,0
IHVRKTAHFEKKMGE,0
IIAAGTSEALTQYKC,0
IINNQIGPKPTLIPS,0
IIPEQVTVGDSYDIE,0
IIPLFTDRDYDVLQW,0
IIRRLEMAYCQHIGV,0
IISAVVGIL,1
IISKNDLRATFDQLG,0
IISLESSYNDEMLSY,0
IISPSINADGTCGNG,0
IISSPFRPWWERYQL,0
IITNLLYHVVGWTDW,0
IITSVSPARYELIVD,0
IIVDITKDTFYKQPM,0
IKDPAVGFLETISPG,0
IKGLTEGLHGFHVHE,0
IKHWLDSPWPGFFTL,0
IKKTTKPCPRCHVPV,0
IKKVIKEEKEKFPSSPPT,0
IKSVYIPYLVQEFDD,0
IKWLVNFGVGWGYIP,0
ILAHFQVAPQETARS,0
ILATAALAVAYPSPG,0
ILDIPQKFNMEYFKV,0
ILEECIISAMPTKSS,0
ILEPVAQSGKPLLII,0
ILGEEQYNRYQQYGA,0
ILGGKKFTLEGKDYI,0
ILHQQQQQQQQQQQ,0
ILIIFIFRRDLLCPLGALCI,1
ILIQVDNARLAADDF,0
ILKASVDYIRKLQKE,0
ILKISNKYHTKG,1
ILLHGDAAFAGQGIV,0
ILLPFRKPLIIFTPK,0
ILPDLSRNRNGKRVV,0
ILSCRIIGAQKFDVV,0
ILSCSRDKTLIVWKL,0
ILSKIENEYEVLYLKPLA,0
IMGMPHRGRLNVLAN,0
IMGTDMEGIGYSKVV,0
IMKTHQFTNCRHNSA,0
IMNIGKECENGGSAV,0
INADGTCGNGWVCEH,0
INDCNVEKDEAHVKITKL,0
INFSTATSLSDLTIE,0
INFYMNLLVERNKRQ,0
INTAKLIQLLTASPE,0
INTHVQKGYMVSSMT,0
INYRIKELGTLIPKS,0
IPAARLFKAFIL,1
IPADKVFLRKQWDVL,0
IPALAGKVLRFQKAFLTQLD,1
IPANLLPTYNLIHNT,0
IPCRDVVLQQHSIA,0
IPCRDVVLQQHSIA + CITR(R4),0
IPCRDVVLQQHSIA + DEAM(Q10),0
"IPCRDVVLQQHSIA + DEAM(Q10, R4)",0
IPEGSQRVGLVASQK,0
IPHIPATGRKHVRRG,0
IPHIPVSGRKYHIRR,0
IPKDKQPNSHPRRQE,0
IPKGKKGGQAFTVYV,0
IPMNHLWPNQAPYTV,0
IPNARANL,0
IPNKQITASSYYKTW,0
IPSWYMKKKKIRTDS,0
IPTNGDVVVVSTDALMTG,1
IPTSGDVVVVSTDALMTG,0
IPVNFTLRNQEQLLS,0
IPVTGRKHLRRGVGI,0
IPYLVQEFDDAVKEN,0
IQEFLKTYKKPTNFN,0
IQGKFGLDATAVGDE,0
IQIQAMRLAEKLKCD,0
IQKLKDKGVDVDHII,0
IQQIEKDILRIRQLL,0
IQSPGEGTTGKLIYNGSGK,0
IQVVLELLKALSFRKIILN,1
IRALFGLTLNAKASR,0
IRALFGLTLNGKASR,0
IRANYWQKLVKGILP,0
IRARNYRLNHKPFTY,0
IRCIGVSNRDFVEGMSGGTW,1
IRHAILAAGDLYSRR,0
IRLHSDASKNKEKALIIIKS,0
IRLSGQDVERGTFSH,0
IRQLLQSQATEAERS,0
IRTTKRFPIDFRKFS,0
IRVTVTRDQPRRVLP,0
ISAKISQIPPASAMD,0
ISDTNVILSMDNNRN,0
ISEKLVLAQKMLEEI,0
ISFCRGNKGFVAFND,0
ISFEIYPAHLFYSLI,0
ISGLDRKVEVHVPVK,0
ISIVWVLSFTISCPL,0
ISLEVLKNYQLDSEL,0
ISMQMGGDLGQVYRR,0
ISPGYSIHTYLWRRQ,0
ISQLQVVVDEDKKVY,0
ISRLRRTVDQLKSDQ,0
ISSDHYILHPPPPAP,0
ISSQYYIQQNGNLCY,0
ISSTDKLGFYGLDES,0
ISSVLNDIFSRLDKV,0
ISSVLNDILSRLDKV,0
ISTEMVGTILEMLGH,0
ISTEMVGTILEMLGT,0
ISTNMVEEILRLMGQ,0
ISTRVRCGRSMQGYP,0
ISVGEFYRDAVLQRC,0
ITALCFSPNRYWLCA,0
ITAYAWVVSLGSLPLMLL,1
ITCITCTDVRSPVLV,0
ITDPFHKHGVAPSAL,0
ITDQVPFSV,1
ITELRRTIQGLEIEL,0
ITHAAELQRVPLYKL,0
ITLRRYAGMALTNLT,0
ITLSLVANPSHLEAA,0
ITSVISRMPVSIDLE,0
IVAGGGVALVRAINS,0
IVEGNSMHPDFYGHI,0
IVGDDLTVTNPTRIQ,0
IVGLLHSLDSLKLALK,1
IVHIVQRPWRKGQEM,0
IVINNAGILNDEKWE,0
IVKSLLLVPNGALKK,0
IVLDSYMRVASVQQV,0
IVLHVLHCLHSLAIP,0
IVLNPEIYNKQKGML,0
IVPLGVTHMTSRDIEVQGFR,0
IVQTLNAMPEYQNLL,0
IVRYTRKVPQVSTPT,0
IVSYLLTLSHLAAVA,0
IVSYLRNLRASANPS,0
IVTPYDKAVEKEEHH,0
IVVADLFSAGMVTTSTTLAW,0
IVVALDALPELQNFL,0
IVVTVDSLPEFKNFL,0
IVWQGLLALKNDTAA,0
IVYCSNDLLGDLFGVPS,0
IWICKINVAVNIEPQ,0
IYLFPLISLRLKFGLKAEKS,1
IYRDLKPHNVLLFTL,0
IYSAFEFDPNSKVHA,0
KAALLAAVTLLEQPN,0
KAAVHLLVAVKASKE,0
KACNCLLLKVNQIGT,0
KAEIIRESGNQNIFL,0
KAEQVKASKEMG,0
KAFSAPYSVLATDYE,0
KAHSMRNSASMDLSS,0
KAKEEAPAAEAAPAP,0
KAKGNPESSFNDENLRIVVA,0
KALFLGLKTANILKP,1
KALGVILTLPQRIIA,0
KALLERAKSLSSSRE,0
KALPVVLENARILKNCV,0
KALQNAESEVAALNR,0
KALYDAIRSPEFQSI,0
KAMLEDIAILTGGSV,0
KAQIWTAMMYSVKKR,0
KARGREGYFLARGARGREGYEGYFVTDEK,0
KARLSLDRNEDQLIT,0
KARVDELERIRRSIL,0
KARYMPHVDQSSIARYASFRSTEAIRYSSIMVVANK,0
KARYRFAQGEHDIRLPENAFVIARYTQGSSKAGF,0
KASRNLQDDLQDFLA,0
KAYDYKMKESGHLNE,0
KAYNAFKSLDIVINN,0
KCGAHPTSDKETSVA,0
KCGLKVISSIVHFPD,0
KCHLTNIACLLHNKY,0
KCNLYADSAWENVKNVIGPF,0
KDAFLGSFLYEYSRR,0
KDEERHVGDLGNVTA,0
KDFNLLEQTETLGVG,0
KDGLDLIKDAIEKAG,0
KDIAADLQGEPRVGE,0
KDIIRFLQQRLKKAV,0
KDILRIRQLLQSQAT,0
KDKGVDVDHFIELIK,0
KDLDAFRHYDGRTIIQRDNGYQPNYHAVNIV,1
KDLLEQKRAAVDTYC,0
KDLLFKNSATGLLSV,0
KDLLPILEPVAQSGK,0
KDPVFKNMTYVNTSL,0
KDPVKRGEPFSTYYI,0
KDQLTALYMEFIKEF,0
KDVLSVAFSVDNRQI,0
KECENGGSAVANIDM,0
KEEHHFKAYSYCGVG,0
KEEVADFQLSVDSLL,0
KEGIHIRLSGQDVER,0
KEGNGYIPTSCLREI,0
KEGNGYITTAVLREI,0
KEGNGYITTNVLREI,0
KEKALIIIKSLLSTNLPYGK,0
KELDEMVNEAPGPIN,0
KELLDKEPSYQVGSF,0
KELTNLVNNTDTNFH,0
KELVEKYGKGKAIFI,0
KEMEDKVSSTLSGLE,0
KEPSYQVGSFIVSYL,0
KEVDRLEDELVHEKE,0
KFADIADECERFLGP,0
KFDKALKALPMHIRL,0
KFEGNKFTIDYNDKG,0
KFIWICKINVAVNIE,0
KFPQYLQYLYQGPIV,0
KFRLDGVKIGDTTVA,0
KFTIDYNDKGKAFSA,0
KFTLEGKDYILRVSQ,0
KFWGKYLYEIARRHP,0
KFYSFALDKTITPDT,0
KGDSQIISLLLRRLA,0
KGFAGVQVSPVHENV,0
KGFKLVAMKFVWADE,0
KGGFTFTDQNNQALSSTAV,1
KGGQAFTVYVIVTPY,0
KGILPLVGMAMVPAL,0
KGKFIWICKINVAVN,0
KGKTVLENFVEENLI,0
KGLCGNMDGEFVNDV,0
KGPCQRVQPGKLRVQ,0
KGPFYQSFRSKVKKILSTL,1
KGQEMNATGGDDPRN,0
KGRELTVIDYELRNV,0
KGRLSSGHLKCRLKMDKLRL,1
KGRVGILHGNKTYLLQNN,1
KGSNVFSMFSQKQVA,0
KGVPLYRHIADLAGV,0
KGVSYSLCTAAFTFTKIPAE,1
KHCLQMASNTMPYQI,0
KHDASRFDVSFPNSI,0
KHFNLKYEDLHSTCH,0
KHGGPKDEERHVGDL,0
KHGLYNLKQCKMSLN,1
KHIQKEDVPSERYLGYLE,1
KHISSNEYIIEDSFKLLN,0
KHNNTPKHPEREEHEKPDNN,0
KHREQAIMLFELFYY,0
KHYQKALNEINQFYQ,1
KIAAMKDLLPILEPV,0
KIDVENLIKNSKALMDLEV,1
KIEIGMDVAASEFFR,0
KIFGSLAFL,1
KIFNKHTSLRLLRQE,0
KIGEYKNMIAEGIID,0
KIIAEKTKIPAVFKI,0
KIIELIRALFGLTLN,0
KINVAVNIEPQIYRR,0
KINYDSLYNLNYIGS,0
KIPLIHRALQLAQRP,0
KIRGTLKVAAIKAPG,0
KISNEIKIVATP,1
KISNKYHTKGDH,1
KISQRYQKFALPQYL,1
KIYVGRAYVRDLTPDE,1
KKDNGSPTDPKTLVK,0
KKELEDIVQPIIAKL,0
KKESTLKSVLSALWN,0
KKFGKVTSVQIHGAS,0
KKGELALFYLQEQINHFEEKPTKEMKDKIVAEMDTI,1
KKGVDALANAVKVTL,0
KKHFQQVFQILQIMG,0
KKIQDCYVENGLISRVL,0
KKKKKKAKEEAPAAE,0
KKLAFHTDTDLKKDS,0
KKLKLDRLNVVPSPK,0
KKLQFTYSESLDLDD,0
KKMGENTGIVFKVKY,0
KKMQAMKLEKDNAMD,0
KKPGGTTYYYDPSAGKGVTA,0
KKRFMKLNINVSLPQTLSLK,1
KKRLKGKFIWICKIN,0
KKSLELLLETPGSKT,0
KKSYDDVSFRVPPNL,0
KKTLREVGSVKALME,0
KKTPTFGSTLLDVIQ,0
KKVMSILLHGDAAFA,0
KKYLLFCMENSAEPE,0
KLAASDSKSLLRKYL,0
KLAIFEDKTVKLKGA,0
KLDSGLVYNPQLFDA,0
KLEAADEGSGDVKYH,0
KLEEVAGKYNLQVRG,0
KLEKIEDEL,0
KLESSPEFKALYDAI,0
KLETSPDFLALYNAI,0
KLGFYGLDESDLDKV,0
KLGLKSLVSKGTLVQ,0
KLKDKGVDVDHIIEL,0
KLLFDLFYYANDYDT,0
KLLSTGLVQNFPNTIISK,1
KLPTTQLRR,0
KLQDVVNHNAQALNT,0
KLQDVVNQNAQALNT,0
KLQIQITELEMSLDV,0
KLREKGVDVDKIIEL,0
KLRSKMSLRSYGSRE,0
KLRVQCSTCRQATLT,0
KLTYCPVKALGEPIR,0
KLVALGINAV,1
KLVVKKGNQTENVYI,0
KMAPPPKEV,0
KMDGEYLGNNRLKLG,0
KMIEYLNHLVDCGVA,0
KMIYVTDKGQKKHFQ,0
KMKESGHLNEPHTHV,0
KMVGWLLQQSAATLL,0
KNCFLYFKNHSKIGKIF,1
KNDNLVYVYNLGTKD,0
KNILPSNVAAAAQNC,0
KNLTVSKLCDHEMRT,0
KNMTYVNTSLVLAFS,0
KNQGYYDYVKPRLRT,0
KPCPRCHVPVEKNGG,0
KPFRVKKIMDQVQQA,0
KPFTYNKAFKTPYNP,0
KPFTYNVEVTSEKDT,0
KPIVQYDNF,1
KPREEQFNSTYRVVS,0
KPRTSTPVTEF,0
KPTLHGPTPLLYRLGAVQ,1
KPVWYAGRDPAAAPA,0
KQFNLSYNQLSFVPE,0
KQGLVSQPIFSFYLS,0
KQHETFKRRVYKVYD,0
KQLAPHPNIIRVLRA,1
KQLKVSQIMEAARKL,0
KQLLENGAQHVAVCD,0
KQSELAVTADQFILY,0
KQTAIEIEQLNARVV,0
KQTNIASTLARMVIR,0
KQVDVDPVGVAVRLS,0
KQYNDGLSHFIITSV,0
KRDHVLPACRNSTER,0
KRFGLEGCEVLIPAL,0
KRGLQISTTAAQIAK,0
KRHDGGCRKELAAV,0
KRLLQLVRENQLQLD,0
KRNQFCLSWSVYKPQ,0
KRPSARVAANVLHLS,1
KRQPNSRPRSSSSSS,0
KRTLLARLVRSTRFE,0
KSAANVEGDIYSEMR,0
KSAFVMANNLIEATQ,1
KSFGIKVQNLPVRST,0
KSFGYSSVVCVCNAT,0
KSIYFVAGL,0
KSKYKLATSVLAGLL,1
KSLNNQFASFIDKVR,0
KSPEFQSIVQTLNAM,0
KSQTTTTQSSHCTCS,0
KSSENGVDYVIMGMP,0
KSTGLLPGRGPGTSA,0
KSYLYGYKSKKINYD,0
KTFHLDVEASYEKHK,0
KTFLVWCNEEDHLRI,0
KTFSQNRPAAARTFQ,0
KTFTSLSLYMKPPPV,0
KTIIDKSSENGVDYV,0
KTLNTRLKEAEARAE,0
KTLPEMPVGVPEMPAGVDY,0
KTLVKFVEGNLKYFN,0
KTNYQAFLNLLEIARSKKAKVI,1
KTPEQRTNTLTVELGKKWIG,0
KTTYTYEKQDKYCGL,0
KTVNDKIDLFVIHLEAKV,0
KTVYQHQKAMKPWIQ,0
KTYKKPTNFNHTKLS,0
KVAATLHTATGSDIT,0
KVEISELNRVIQRLR,0
KVELSRMSSTKSSGS,0
KVFLKNYLVGNAQFK,0
KVHWSLVAIDLRKRC,0
KVICKSCISQTPGINLDLGSGVKVKIIPKEEH,0
KVKGFGGAMTDAAAL,0
KVLASSARQRLRCAS,0
KVLGSLSFRMSPTQK,0
KVLVVLLLF,0
KVNNLNTDHGFPSGA,0
KVPKLAADKKKLEEV,0
KVSSTLSGLEGELKG,0
KVVENNLRSIFGTGE,0
KVVFDRLKGMALVLY,0
KVVHALESGLNVVAC,0
KVWGSIKGLTEGLHG,0
KVYKSLITGKVRSNS,0
KWALPLYYKPTCVVD,0
KWLCKIMAQILTVKV,0
KWSSEKRFGLEGCEV,0
KYCGLPEHLLIPKGK,0
KYDEVARKLAMVEAD,0
KYDKICEEAFARSKD,0
KYDLDFKNPNTDKSK,0
KYHEISIIYHNDKKM,0
KYKYICDDLDMTFTE,0
KYLFNWAVK,1
KYLYRPFANQDAGAK,0
KYNFDKMIYVTDKGQ,0
KYNYYGHEYDLNERR,0
KYPDMILSCSRDKTL,0
KYPYVVKNFVAAYKN,0
KYSRDIGDAFRGNNA,0
KYTNPAVAL,1
KYVKDRVDEVDH,1
KYYADSVKGRFTISR,1
LAALSIEESKSGLLS,0
LAAVSVDCSEYPKP,0
LACLVALALARELEE,0
LADAGCSGGAYDIIICDE,1
LADKTYLTRQRDLLK,0
LAFFLAFFLDLILLIIALYL,0
LAFTQSRAASYFFDG,0
LAIAADYLANDAEVQ,0
LAILPLDDLKALFNE,0
LAKEWQALCAYQAEPNTCATAQGEGNIK,1
LALALTCGAQALIVT,0
LALYNAIRSPEFQSI,0
LAMKLIQQLNLNDNAIHLYA,0
LANEDCFRHESLVPN,0
LAPAKATLGETHRLF,0
LAQRPVSLLASPWTS,0
LARYGPAWREQRRFSVSTLR,0
LASISNISPHLMIVIASV,0
LASLVTVDLGAHITK,0
LATATAKLAEASQAA,0
LAVIVAIFLLLVDLMHRRQR,0
LAWTPVVVLNGLAAVREALV,0
LAYPYGYPRVMSSFS,0
LCPRPGCGAGLLPEP,0
LCQAALLLCSWRAAL,1
LCTLVLTWCAAGYLE,0
LDADSSYFLYSKLRV,0
LDASNVYENIANYVS,0
LDAYAEHKLQFWAVT,0
LDCFHLYCVTRLNDR,0
LDDLKALFNEKLETS,0
LDEGKQSLTKLAAAWG,0
LDEKDKALQNAESEV,0
LDHKNNKSWMESEFR,0
LDKIGLHSDSQEELW,1
LDLIKDAIEKAGYTG,0
LDQNEHADIRVEALF,0
LDQQSIVHIVQRPWR,0
LDQQSIVHIVQRPWR + PHOS(S5),0
LDRNEDQLITGKVTE,0
LDSELRIKAFLALVE,0
LDSIIKNASGIYAEI,0
LDSKNVLSILNYKTE,0
LDTCMPLICHATESY,0
LDVEIATYRTLLEGE,0
LDVIQSGLENHDSGV,0
LDWDSRFANFRNNKD,0
LDYHVHGRTFSSLFQ,0
LEAIRQLKLSVANSVNFA,1
LEAMPEYQNLIQKLK,0
LEANGLNAIDFLNGI,0
LEATYASTL,0
LEDELVHEKEKYKYI,0
LEDPIENLGAQMVKE,0
LEIELQSQLALKQSL,0
LEKISNEIKIVA,1
LEKLREKGVDVDKII,0
LELGALLTAMAMVTA,0
LENFVEENLIAPVFS,0
LENNVMTFNVNVKDILNS,0
LENPKSVHKSWDIFF,0
LENPTRYHLQQARRQ,0
LEQIFCQFDSKLEAA,0
LERAEERAETGESKI,0
LERVVEHNPRKVIDL,0
LESRSYQEAQLPALP,0
LESYAYSLKNQLADK,0
LETLPAMCNVYIPP,0
LETSPEFKALYDAIR,0
LFARRIFDSRGNPTI,0
LFASRFLHSSIFEQD,0
LFDPIIEDYHGGFKK,0
LFEAYISRLRRTVDQ,0
LFEMTKDPVFKNMTY,0
LFFGMQIEVTAWIGP,0
LFGLNNADQNECIIA,0
LFIFGCLLVLGIWIYLLEML,0
LFKAIEAYLIAN,1
LFLAILIWMYYHGQRHSDEH,1
LFPKVAPQAISSVENIEGNGGPGTIKKISFPEGFPFKYVKDRVDE,0
LFPLVALLVLVVGVL,0
LFQEKLETSPEFKAL,0
LFTGLNYDVPTKDIF,0
LFVDSDVIQRAYETR,0
LFYYANDYDTFYKTA,0
LGANAILGVSIAVCK,0
LGEYGFQNALIVRYT,0
LGFELGFAMASPNAL,0
LGFPFDRPIHSYDFV,0
LGGEAIHSTEYTGFG,0
LGHKIMRNLENTVKE,0
LGIPHIPVTGRKHLR,0
LGKGIHQIFGAAFKSLFGGM,1
LGKQGGPGLCDTIKKMANDV,0
LGLCGRRLLAVAATR,0
LGLEEPKKLRPPPAR,1
LGLGLIEEKQAESRR,0
LGLIGYHLYRKASSP,0
LGLLKLVAQRRNLLKYI,1
LGLPNRLRFFRQSVA,0
LGMYHRRINRVTDRN,0
LGPAANHYMKLVKKG,0
LGRPGPAAGCVRGER,0
LGSFTYSTSAPGPTL,0
LGSRQKKIRIQLRSQCATWKVICKS,1
LGSTFVAYLPDYRMQ,0
LGTKVEMVYSLLSML,0
LGVYYHKNNKSWMES,0
LHFDVELIALIRANY,0
LHHFRILGEEQYNRY,0
LHLIATNSRNITCIT,0
LHLSEQYKELEKTKSKELKEQILRELTIGENFMKGAL,1
LHVADGLRYLHSAMI,0
LHYLRPYIIQLKTIT,0
LIAQTRSVASKIQVS,0
LIDDHFLFKEGDRFL,0
LIDDVIAILPVDELY,0
LIFCHSKKKCDELAAKLV,0
LIHKVHLAKSSGSAL,0
LIHNTKQVDVDPVGV,0
LIHSKHKMIAMGSAA,0
LIKDAIEKAGYTGKI,0
LILATAALAVAYPSP,0
LILLIIALYLQQNWWTLLVD,1
LIPALKTIIDKSSEN,0
LIPIMYLNSLRNPILHFM,1
LIPTDQVLAIAADYL,0
LIPVDQIIAIATDYL,0
LIQEPVVLFHSKFME,0
LIQLLTASPEEEEGG,0
LIQRLKDKGVDVDHF,0
LIWMYYHGQRHSDEHHHDDS,0
LIYDAAVEGDLLLKL,1
LIYQMAPAVSKTEDV,0
LKADVFFNKFNPTDN,0
LKALFNEKLETSPDF,0
LKALPMHIRLSFNPT,0
LKELDDKITAEDLDM,0
LKEVVAKRQGVPADQ,0
LKFEGPAESYFTTTV,0
LKGELDMRNIQVRGLKQMKRVGDANVKSEDG,1
LKGIDIFCQIIPAVA,0
LKGQPGDIYHQTWAR,0
LKILNLSKNHISSLS,0
LKKAFDAFDREKKGC,0
LKKAVPYNRMKLMIV,0
LKKRKYFLDVLESDLMQF,1
LKKWHVLLANKPQAK,0
LKKYPIVWQGLLALK,0
LKLNNYRYNKDFCKD,0
LKLSASFSKLLVHHS,0
LKLSSGKKQKHRNVK,0
LKLVLAGSSAVHVEL,0
LKLYQWILKQKSMASEEI,1
LKNYQLDSELRIKAF,0
LKPNQGMPEVYVEGK,0
LKQTLQTCLPAGDYC,0
LKRESKKLKLDRLNV,0
LKRKLIYDAAVEGDL,0
LKSDEFETIVVTVDS,0
LKSGISLGSPFHLTP,0
LKSVLSALWNLSAHC,0
LKTITHHQRLFMVQS,0
LKTLDLLLTSGKITL,0
LKVAAIKAPGFGDRR,0
LLAKILVSSLYRFKD,0
LLALKNDTAAVQLHF,0
LLATTVSGL,0
LLCPLGALCILLLMITLLLI,0
LLDAAKVLGSLSFRM,0
LLDIKIRLENEIQTY,0
LLDKAVSNVIASLTCGRRFE,0
LLDLSTRRLIRVIYN,0
LLDQYQIHL,0
LLDTAFDLDVFKNFS,0
LLDYKLLQLFKLFENALFSLI,1
LLEGVDHLVQQGIAH,0
LLEKLREKGVDVDKI,0
LLELKMEAEKITRTA,0
LLEMLWRLGATIWQLLAFFL,0
LLFCTGKVYYDLTRE,0
LLFSSAYSRGVFRRD,0
LLFTLYPNAAIIAKI,0
LLFWLYIVMSDWTGGALLVL,1
LLGCIITSL,1
LLGDFFRKSKEKIGKEFKRIVQRIKDFLRNLVPRTES,1
LLGLEMAAAVVDLGL,0
LLIIAIYALNSKKLLELN,1
LLKEVQKYPNAELAW,0
LLLIWFRPV,0
LLLKLNNYRYNKDFC,0
LLLKVNQIGTVTESI,0
LLLLALLFWLYIVMSDWTGG,0
LLLLLAAVSASQQCK,0
LLLMITLLLIALWNLHGQAL,1
LLLVDLMHRRQRWAARYPPG,0
LLLYDILTTGGRIVE,0
LLMDCSGSIRRHNWVNHAVP,0
LLMKADPSIHVLKMV,0
LLPEPDQRKVTCEGG,0
LLPHWAKVVLTDPEA,0
LLPLLPLLLLLLGAS,1
LLQHLKSHSLTIVSN,0
LLQQSAATLLANRLT,1
LLRAVESYLLAH,1
LLSCLTIPASA,1
LLSDKKIAAMKDLLP,0
LLSDYQFSWDRVFQS,0
LLSLYLDQNEHADIR,0
LLSTAALPV,0
LLSTNLPYGKTNLTDALLQV,0
LLTAMAMVTAKLATV,0
LLVRIQQPNYYADQY,0
LLVSGAGDGPPLCSQNLGAP,0
LLWLLLFLAILIWMYYHGQR,1
LMEYNLLPLLLSLLSKKKTLTSSGL,1
LMLGEFLKL,1
LMTNGPLEV,0
LMVNGSMFFSLEMRS,0
LMYVSDIKNYEKRVA,0
LNAIDFLNGIHDLLG,0
LNAIEFINNIHDLLG,0
LNDEVINFYMNLLVE,0
LNDITKEYEKLLNEI,1
LNDNAIHLYASVFSNNAREI,0
LNDYILPAPYEIYPW,0
LNENLLRFFVAPFPE,0
LNERRNYFVEIDRFP,0
LNFLKKISQRYQKFA,0
LNGKASRNLQDDLQD,0
LNGLAAVREALVTHGEDTAD,1
LNHLVDCGVAGFRVD,0
LNLTTEFFGHSVNLL,0
LNNIHDLLGIPHIPV,0
LNNYRYNKDFCKDIR,0
LNPWQWTQQHDTKLR,0
LNQEAHYQFDSIHKF,0
LNQGSDYVRGKMIEY,0
LNTYYSYYYFNYPTF,0
LNVVKTGRLMLGATD,0
LNWVPVEAGVYRVNR,1
LNYTYEKSNVEVKIKELN,0
LNYYQQKPVALINNQ,0
LPAAVSDKNKAYLHF,0
LPACRNSTERASDLN,0
LPALPESVPPDVRQL,0
LPEDLQDFLALIPTD,0
LPEFKNFLNFLQTNG,0
LPELQNFLNFLEANG,0
LPGRGPGTSAPGEGQ,0
LPGTHFQRVIPEDGP,0
LPHPQQATDDSGHESDSNSN,0
LPHSPSDSAGNDGGPPQLTE,0
LPIEDLKALFNEKLE,0
LPLREIIRRLEMAYC,0
LPPTVMFPPQSVLSL,0
LPQEVLNENLLRFFV,0
LPTYNLIHNTKQVDV,0
LPVDDLYALFQEKLE,0
LPVVLENARILKNCVDAK,1
LPYPDPSRI,1
LQAVSWASGARPCIP,0
LQDDLQDFLALIPVD,0
LQHGLYYTSRSRSPN,0
LQHLQSIEVFPEDEG,0
LQIAINVNGVVRGTL,0
LQIMGYDWAERCQHV,0
LQKKIQQIENDLDQT,0
LQLAYTRHVTKAALL,0
LQLGRALLLRFTGKP,1
LQLPFSSWYVDRGGN,0
LQLPPEQISVLRKAF,0
LQLQPFPQPQLPYP,0
LQLQPFPQPQLPYP + DEAM(Q10),0
LQNFLNFLEANGLNA,0
LQPQNPSQQQPQEQ,0
"LQPQNPSQQQPQEQ + DEAM(Q4, Q9)",0
LQPRHIVSYLLTLSH,0
LQQKPVNKDQCPRER,0
LQQSTYQLVQQLCC,0
LQQSTYQLVQQLCC + DEAM(Q3),0
LQQVIASVLRNLSWR,0
LQRLLDTAFDLDVFK,0
LQRQFVVRAWGCAGP,0
LQSDEFETIVVTLDA,0
LQSYGFQPTNGVGYQ,0
LQTNGLNAIEFINNI,0
LQVRGTRGEHTEAEG,0
LQWLSFILSLKKRLLPLLLSL,1
LQYLYQGPIVLNPWD,0
LRCASIQKFGERALK,0
LRDYLLQNNALKASFI,1
LREEEYKQQIKTLNT,0
LRELDEQLTSDELDM,0
LRELTTEEQREL,0
LRFFVAPFPEVFGKE,0
LRFQKAFLTQLDELLTEHRM,1
LRIAQRMRLEASQLE,0
LRKAFDAFDREKSGS,0
LRKILMDPKYVSATG,0
LRKRCLKYLDSMGQK,0
LRKYLTKEVFDNLKT,0
LRLKELKILNLSKNH,0
LRLSEHLDYVKNLTV,0
LRPLTASQTVKTFSQ,0
LRQQLMRAQAQEQER,0
LRRLALDVANNSICL,0
LRSIFGTGEQAQQRR,0
LRSYSFRPTYGVGHQ,0
LRVIFAGKELRNDWT,0
LSDLPSYTTHGTVHV,0
LSFRMSPTQKETRLG,0
LSGFENEYDVIYLKPLAG,0
LSGLEGELKGQFYPL,0
LSGLPSGGEVLEISV,1
LSHFTDLSFSAALKE,0
LSKKRQVPLPRPLFE,0
LSLILNRLCVLHEKT,1
LSLIRAKHRTFVTTS,0
LSLYMKPPPVKQSEL,0
LSPRPISYLKGSSGGPLL,0
LSPRPVSYLK,1
LSQEVCILSADVVVG,0
LSQTKQSGENFPYLVAYQ,0
LSQVSFQQPQQQYP,0
"LSQVSFQQPQQQYP + DEAM(Q3, Q7, Q10)",0
LSSDGNYALSGSWDK,0
LSSSLGLALLLLLLALLFWL,1
LSTNATVMLAAGIPV,0
LTAPKTYIFPVNYTV,0
LTCLVAVALARPKHP,0
LTCMVTSFYPDYIAV,0
LTEFVENKDYMILLS,0
LTERWARAHPAIHFS,0
LTKVNATEPERTAMKKI,0
LTLQPEQKFQKVKGF,0
LTLSHLAAVAHRTLH,0
LTMSNVKNVSQTNFKSLLRNLGVS,1
LTNLVNNTDTNFHSD,0
LTPWGCYAKDMALFV,0
LTQGPSCWDDVLIPN,0
LTVFDSTSCNVVVAS,0
LTVTNPTRIQTAIDK,0
LTYRSQTNTLAIIES,0
LVGMAMVPALLGLIG,0
LVKKGILPDLSRNRN,0
LVLIAFSQYLQQCPF,0
LVMKNYPCTLRQYLC,0
LVNGSSNYLLFYDQH,0
LVNLLIFHINGKIIKNS,1
LVPASRVALAGEYGA,0
LVQQQQFPGQQQPF,0
"LVQQQQFPGQQQPF + DEAM(Q4, Q6, Q11)",0
LVRLLKQLKVSQIME,0
LVSHQMRLSQVIKLA,0
LVSKYTDSQGKNRTT,0
LVTAVNDIEKRVPFS,0
LVTRHADVIPVRRRGDSR,1
LVTVLFAVATITHAA,0
LVTVSSASTTAPKVY,0
LVVLCHLHHPSLISL,0
LVVYGGLNAINTALLPSE,1
LVYKIQPVNNAHGGG,0
LWEINMIKAIISQLQ,0
LWKYNGEFSIQTDAK,0
LWMFVRKKLMMEQEN,1
LWPNQAPYTVCNSSL,0
LWQIPEQSRCQAIH,0
LWQIPEQSRCQAIH + CITR(R9),0
LWQIPEQSRCQAIH + DEAM(Q3),0
"LWQIPEQSRCQAIH + DEAM(Q3, R9)",0
LWYYIALKKLRKAFPNKYVKM,1
LYALFQEKLETSPEF,0
LYCVTRLNDRQFVHD,0
LYDAIRSPEFQSIVQ,0
LYHVVGWTDWNLALN,0
LYHVYEVNLVSEHIWCEDFL,1
LYLKRKLIYDAAVEG,1
LYNAASLFGFPFQLT,0
LYNAIKSPEFQSIVQ,0
LYPHVSEDVIVDNPA,0
LYRYIAGLAGTKDIR,1
LYYKPTCVVDSSYIN,0
LYYLTMNNKHWLVHKEWFHD,1
MAAAVVDLGLRITPL,0
MAARMLGLCGRRLLA,0
MACGFRRSIASQLSR,0
MADEQLQLPPEQISV,0
MADKEKKKKKKAKEE,0
MADMAKIKLSVLNPE,0
MAGSLTGLLLLQAVS,0
MAKDIKFDIEARDKL,0
MALFVASYADNSNSE,0
MALSSAWCAVLPLWL,0
MALYKKDPVKRGEPF,0
MANDNDDDPTTTVHPTTTEQPDDKFECPSRFG,1
MASLLTALILPLALL,0
MATKAVCVLKGDGPV,0
MAVRQALGRGLQLGR,0
MCNDDPDVLPDLKEA,0
MDAIKKKMQAMKLEK,0
MDALENQLKEARFMA,0
MDELPPEQIQLLKKA,0
MDEPMFTQPLMYKQI,0
MDIDPYKEFGATVELLSFLPSDFFPSVRDLLDTASAL,1
MDLSSSSMSSSSSSS,0
MDNSRSLDMDSIIAEVKAQYEDIANRSRAEAE,0
MDPKYVSATGVTSTS,0
MEFSSPSREECPKPL,0
MEHDLERGPPGPRRPPRGPP,0
MEQLMQVNAKLDEKD,0
MESPKKKNQQLKVGILHLGSRQKKIRIQLRSQ,0
METGTYFSTEGGYVV,0
MFARYMLERYSNDMP,0
MFHLRTCAAKLRPLT,0
MFPPQSVLSLSQSKV,0
MFRLVVIATLLVASC,0
MFYDGSRIMIQASNM,0
MFYYTRQQLYARYFL,0
MGEAVQNTVEDLKLNTLGR,0
MGLAIKNDNLVYVYN,0
MGLEALVPLAVIVAIFLLLV,0
MGLTEYDAVKGMNDG,0
MGPEHSSARPERFLQ,0
MGRKFWVGGNWKMNG,0
MGSAAALRNLMANRP,0
MGSEVYHHLKNVIKG,0
MGVQKFWAFDNTTFS,0
MHGDTPTLHEYMLDLQPETTDL,0
MHWVRQAPGKGLEW,1
MIEEIDADGSGTVDF,0
MIEEIDSDGSGTVDF,0
MIGLKLVTVLFAVAT,0
MIKAIISQLQVVVDE,0
MILHPDVQRRVQQEIDDVIG,0
MIVFVRFNSSHGFPV,0
MKAVCVEVEKTASCGVWDEW,0
MKCLLLALALTCGAQ,0
MKDVFIFHKKYEEVE,0
MKFFIFTCLLAVALA,0
MKFLCVLLLASLAAT,0
MKGALKFFEMEAKRTDLNMFERYNYEFAL,1
MKLEKDNAMDRALLC,0
MKLLILTCLVAVALA,0
MKNGQVIVKVNNGIR,0
MKVLILACLVALALA,0
MKWVTFISLLLLFSS,0
MLDEIIAEVDADGSG,0
MLEEIRRRQPFLTQR,0
MLERYSNDMPEIQPF,0
MLFLANLECETLCQA,0
MLIFDAMHSFPANDE,0
MLIIIILIIFIFRRDLLCPL,0
MLLYRSAAWFAKGLR,0
MLNDIGINWVILGHS,0
MLQEIIAEVDADGSG,0
MLRMNPRTSFAKRFA,0
MMIEEYPYV,1
MMKSFFLVVTILALT,0
MMLLQLLEGVDHLVQ,1
MMSFVSLLLVGILFH,0
MNDGIAELIKIESSL,0
MNHLGNVKYLVIVFLIFFDL,0
MNITGSINLMFSQMY,0
MNPLWTLLFVLSAPI,0
MNSPSLWKYNGEFSI,0
MNTPGLPVCQDHLGFWEG,0
MNWDTWRVYRDAVSQ,0
MPAETTVRLRAYMNTPG,1
MPFHFDRTGVRVLTM,0
MPGFHARLGARLRSE,0
MPLQKLFARRIFDSR,0
MPYQIASGFSTSQLA,0
MPYTTAVIHEVQRFGDIVPL,0
MQGYPFNPCLTEAQY,0
MQILIRKTKNNPILLIKP,1
MQKYMQIVRYLTILITLI,1
MQREVLVFLRNAKIE,0
MRDKIQEISSKMLYY,0
MRKLAILSVSSFLFV,1
MRLSQVIKLADTSSS,0
MRQASGGGNGTAKAAGKSVM,0
MSDVHLTAPKTYIFP,0
MSNKFLGTWKLVSSENFDDYMKALGV,0
MSQYFKLLEKFQIAL,0
MSRHFSSRSGYRCGG,0
MSSFSFDNSDQGPPQ,0
MSTNPKPQRKTKRNTNRRPQ,1
MSVRYSSSKQYSSSR,0
MTEQQWNFAGIEAAAS,0
MTLDHQILNQSFKRS,0
MTLFLAHGRLVFMFN,0
MTLRPSLLPLRLLLL,0
MTQQPRHTYYENQFC,0
MTSRDIEVQGFRIPKGTTLI,0
MTTISSSKDCMGEAVQN,0
MTWNALLCCLLVSAA,0
MVDAAVLEKLEAGFA,0
MVEADLERAEERAET,0
MVGQVAITRIEQLSP,0
MVGTILEMLGHRLDD,0
MVNEAPGPINFTQLL,0
MVRVPVPQLQPQNP,0
MVRVPVPQLQPQNP + CITR(R3),0
MVWEGLNVVKTGRLM,0
MWLYWRSPPGCHWRR,0
MWNISAGSSSEAILN,1
MWPFLRSSVRLISILSADLFNT,1
MYCAWLENPKSVHKS,0
MYKQIRKQKPVLQKY,0
MYSVKKRLKGKFIWI,0
MYTPLCSSAVAALPA,0
MYWVRQAPGKGLEW,1
NAFEYFHLKQHKPET,0
NAGSRLACGVIGIAQ,0
NAIEFLNNIHDLLGI,0
NAKIELKPNQGMPEV,0
NALENFKNVLVIHSLSKRSSAPG,1
NALLCCLLVSAASAI,0
NALRRSSTTHTHANT,0
NASAVIQEFLKTYKK,0
NASLRTSSNSLMMPR,0
NATAMVAQINAVNKPQTVS,1
NATGGDDPRNAAGGC,0
NAVKVGKLEDVPNVD,0
NAVPVLLHIPALAGKVLRFQ,0
NCKLKINHIGHTGYL,0
NCLLLKVNQIGTVTE,0
NCLQTLLQHLKSHSL,0
NCSTPGNFFHVLRRQ,0
NCVDAKMTEEDKENALS,0
NDGGPPQLTEEVENKGGDQG,1
NDGVYFASIEKSNII,0
NDGVYFASTEKSNII,0
NDHYSITLRRYAGMA,0
NDHYYEYILWKYHGA,0
NDKKMILVVDRRHVK,0
NDKSDRNIPYSPLPPKVLDN,0
NDKSDRSIPYSPLPPKVLDN,0
NDKSDRYIPYSPLAPKVLDN,0
NDKSDRYIPYSPLPPKVLDN,0
NDKSDRYIPYSPLPPNVLDN,0
NDKSDRYIPYSPLSPKVLDN,0
NDLDAVALMHPDGSA,0
NDLEQCQWIRQKFET,0
NDLLSVYNQVKSGAG,0
NDPDMRWNKGTILKA,0
NDVIQKAYDYKMKES,0
NEAIGCVVEKTTTRR,0
NEDIFLKGIDIFCQI,0
NEKGLEWLGQIVEGN,0
NEKLETSPDFLALYN,0
NELFKFNRLHTKISILQIIG,1
NENLDDLDEGIEKSSEELSEEKI,1
NFAESCYRKNGAVRC,0
NFDINQLYDCNWVVV,0
NFFNILVLNEVHEFV,0
NFGVGWGYIPDGDAL,0
NFHSDITFRKLYLKR,0
NFKHIYNMDPSKSVP,0
NFKLPASLNLPGFVG,0
NFLEANGLNAIDFLN,0
NFLNFLEANGLNAID,0
NFLNFLQTNGLNAIE,0
NFLQTNGLNAIEFLN,0
NFNFNGLKGTGVLTE,0
NFPGVKLRSKMSLRS,0
NFPNTIISKLIEGKFQD,0
NFRKILLSKGIHLNV,0
NFTLKDNTRAFNVSI,0
NGDKQISFCRGNKGF,0
NGFDLDENPENPPNPPNPPN,0
NGFIRIIPLFTDRDY,0
NGHNEMDEPMFTQPL,0
NGKGSLKGQPGDIYH,0
NGLGCGFAFCRECKE,0
NGLLRRKMSILETKE,0
NGLNAIDFLNGIHDL,0
NGLNAIEFLNNIHDL,0
NGLVLLMVNGSMFFS,0
NGPQDPDNTDDNGPQDPDNT,0
NGQSYIASSQKISFF,0
NGSISLMCLALGGVLIFLST,1
NGTSFAIQYGSGSLS,0
NGWGTMVSHRSGETE,0
NHAIRGKRSVTKEQL,0
NHVDSTMNMLGGGGS,1
NHYMKLVKKGILPDL,0
NIACLLHNKYDSTKS,0
NIDLNLLEWTHYSMK,0
NIEPQIYRRIREWGR,0
NIGLKFEIAFEVRPR,0
NIHCDCNIPPVLYSA,0
NIHDLLGIPHIPVTG,0
NIIRVPMASCDFSIR,0
NILALSPPAQNLLLK,0
NINNYKYPYVVKNFV,0
NIREGGFAHFEARLE,0
NIVDEIKYREEVCNDEVDLY,0
NIVRDTRGLPEDLQD,0
NIVVEAMKAFPMSER,0
NIYKLNIAEIFPEDS,0
NKAFKTPYNPQLRYP,0
NKDFCKDIRWSLGDF,0
NKEKRDKFLSSYNYIKDS,0
NKFVELWEINMIKAI,0
NKHDNQNNLPNDKSDRYIPY,0
NKIKVDFANRESQLA,0
NKLAMQEFMILPTGA,0
NKVLVLDTDYKKYLL,0
NLAKTVLSNLLDGNLQG,0
NLALNPEGGPNWVRN,0
NLECETLCQAALLLC,0
NLEIDMIVDTISDFR,0
NLEVTKSTGLLPGRG,0
NLGAPGGGPDNGPQDPDNTD,0
NLIERRRRYNINYRI,0
NLKNFTFYSGETIHK,0
NLKRAILAHFQVAPQ,0
NLLEKLREKGVDVDK,0
NLLLKSYFSEEGIGY,0
NLNDILNSRLKKRKYFLD,0
NLQLNGASITSASQT,0
NLRELLFSHNQISIL,0
NLSWRADVNSKKTLR,0
NLVNNTDTNFHSDIT,0
NLVPMVATV,0
NMDGEFVNDVLTPWG,0
NMRVVFFFGFSIVLV,0
NMSLGGPRSEASNQAAKAIS,0
NNFEFSYLLGGANVG,0
NNIDFQIDAEAKIHG,0
NNLGRINTHVQKGYM,0
NNLRSIFGTGEQAQQ,0
NNSRIKLGLKSLVSK,0
NNTTDLIQEPVVLFH,0
NPEEGKGENPNGFDLDENPE,0
NPFYGQGKAHLESRS,0
NPLSRKHGGPKDEER,0
NPPNPPNPPNPPNPPNPPNP,0
NPQLRYPNGQEVPAR,0
NPSQQQPQEQVPLV,0
"NPSQQQPQEQVPLV + DEAM(Q5, Q8, Q10)",0
NQELAYFYPELFRQFYQL,1
NQFYQKFPQYLQYLY,0
NQISLGPLRSIVKSL,0
NQKITMQNLNDRLAS,0
NQLKEARFMAEEADK,0
NQLNEIRHAILAAGD,0
NQLVLTPSIVTTNKK,0
NQMSGSWPDAHGQGG,0
NQPEYEEEISKYDKI,0
NQRFYGSIYHYYRQL,0
NQVLQTKWELLQQIN,0
NRPAAARTFQQIRCY,0
NRSSKDVPLTIKDPA,0
NSDDPEAVMYVCKVA,0
NSIKIQLYTHALGVT,0
NSNSEVRKIKATQNE,0
NSQKITLAKPAPQTL,0
NSTERASDLNRVHVD,0
NTALFKAIEAYLIAN,1
NTDHGFPSGARPFFY,0
NTDTNFHSDITFRKL,0
NTEISFKLGQEFEETTADNRKTKSIV,0
NTGIVFKVKYDTDQE,0
NTGVINILNSASRVAKNG,1
NTKLALDVEIATYRT,0
NTQYAGITKIGNQNF,0
NTSDSQKE,1
NTTFSNASAVIQEFL,0
NTVKETIKYLKSLFS,0
NVAVNIEPQIYRRIR,0
NVEVTSEKDTPVYVR,0
NVKFPGGGQIVGGVYVLPRR,0
NVLANVIRKELEQIF,0
NVLESDLIPYKDLTSSNY,1
NVLHSAFEVG,1
NVQINSVYSFSGCLS,0
NVRCYNIVVEAMKAF,0
NVTSIHSLLDEGKQSL,0
NVVLQKSFGGPQVTK,0
NVYIPPYCTIAPVG,0
NWSQNLQSFDSSAYN,0
NWVRNFVDSPIIVDI,0
NWVVVNCSTPGNFFH,0
NYALSGSWDKTLRLW,0
NYDPNVWCAVPNCITCDRLDPSNR,0
NYDVPTKDIFYNNLT,0
NYFKLIHVRKTAHFE,0
NYFVEIDRFPYQLHT,0
NYIGSEDSIYPKSML,0
NYLVGNAQFKYTNGE,0
NYPTFFNSTEYGVQF,0
NYRYNKDFCKDIRWS,0
NYVEEMYCAWLENPK,0
NYYTGDYHPSYYYGY,0
PAAGCVRGERPGWAA,0
PADSAQLLSLNSLLP,0
PAESYFTTTVSHATS,0
PAGPVNVLKGPVNVL,0
PAGTQAIIDTSKAII,0
PALGTFSRYESTRSG,0
PALPLPPPPLLPLLP,1
PAMCNVYIPPYCTI,0
PAQILQWQVLSNTVP,0
PARPAYMVPQDFDLY,0
PAVCVLMKLSFDEEH,0
PAVPYGPGDFHSTCT,0
PAYMMPQDFDLMYVS,0
PCRSERLAKYNQILR,0
PDAGPPQRWFVVWLGTANNP,1
PDFLALYNAIKSPEF,0
PDGSAVVVVLNRSSK,0
PDNTDDNGPQDPDNTDDNGP,0
PDSFYELKSPPLSLR,0
PDVILPVPAFNVING,0
PDVLPDLKEANFDIN,0
PDVLPSRLHPEGLGH,0
PEARSSFDEMLPGTH,0
PECHLFYNEQQEARG,1
PEDGPAAQNPENVKR,0
PEFKALYDAIRSPEF,0
PEGFPFKYVKDRVDEVDHTNFKYNYSVIEGGPIGDTLEKISNEIK,0
PEGGPNWVRNFVDSP,0
PEHFLDAQGHFVKPEAFLPF,0
PEHLLIPKGKKGGQA,0
PEHYVQETPLMFSRC,0
PEILQSRTLRAHLPL,0
PEMGDQAHMPYTTAVIHEVQ,0
PENLIKSISAVPISR,0
PEQSRCQAIHNVVH,0
PEQSRCQAIHNVVH + CITR(R5),0
PEVAGARLHLFRAVR,0
PEVSTARPGPRAVID,0
PEYQDLIQRLKDKGV,0
PEYQNLLEKLREKGV,0
PFDEVFNATRFASVY,0
PFGDSYIVIGVGEKKITHHW,1
PFGEVFNATRFASVY,0
PFGVVQGMKTRRGDV,0
PFIQKDVELRIMPPV,0
PFLTNIETLYNNLVNKID,0
PFLYYYILCYARDFG,0
PFNRRTLEELIDEVD,0
PFPPQQPYPQPQPF,0
PFPPQQPYPQPQPF + DEAM(Q5),0
PFPQPQLPYPQPQL,0
PFPQPQLPYPQPQL + DEAM(Q6),0
PFPSQQPYLQLQPF,0
PFPSQQPYLQLQPF + DEAM(Q5),0
PFQARFVRIQPVAWH,0
PFQLTTKPMVTSACN,0
PFTSNKGPRILKPGE,0
PGEGQERAPGAPAFP,0
PGIMQFTNEEKRTLL,0
PGIYRFVAPGERPSGMFD,0
PGLGNLLHVDFQNTPYCFDQ,0
PGPINFTQLLTLFAG,0
PGPTLSASVPMHYLP,0
PGTRINQETVSLDANGVSGS,1
PGTSAPGEGQERAPG,0
PGWAAGPGAEPRRVG,0
PHDSVYDKKPLGFPF,0
PHFMTQRALYLAVYD,0
PHIPVSGRKYHIRRG,0
PHIPVTARKHHRRGV,0
PHNSNFGYSYAKRMI,0
PHTHVIPVNFTLRNQ,0
PICFSRCSSLSSLSS,0
PIDQILAIAADYLAN,0
PIFHVNSDDPEAVMY,0
PIFYDVFFAVANGNELL,0
PIGEEYLLVPSSLSD,0
PIGSPRVMSIRGSPK,0
PINSQLDYHVHGRTF,0
PIQAFLLYQEPVLGP,0
PITKYIMTCMSADLEVVT,1
PITQILGFGPRSQGVFLARY,0
PKDWGDVDTLGNLDP,0
PKEASHLITVLPAAV,0
PKLPLSILKEKHLRN,0
PKYISDGNVQVKFFD,0
PLALLLLDAAKVLGS,0
PLCSQNLGAPGGGPDNGPQD,0
PLICHATESYTIDVN,0
PLKMLNIPSINVHHY,1
PLLGIIGKLDASVQP,0
PLLPGALVDYPDVLP,1
PLPLSRGSLAAVAHA,0
PLRLLENLKALFLGLK,1
PLSLRSSLPISLQAT,0
PLYKLVHVFINTQYA,0
PMASCDFSIRTYTYA,0
PMGFWSRLINRLLEI,0
PNKSKLGANAILGVS,0
PNLKPSMPFGKTPVL,0
PNLQKYEKLKPKYIS,0
PNSVEQKHIQKEDVPSER + PHOS(S3),1
PNTGKLIQGAPTIRG,1
PNTMLFASEACVGSK,0
PPEQPFHSYGVTYTFATDA,1
PPERPFQATGITYTFPTDA,1
PPERPFQTTDITYTFTTDA,1
PPHSITQTVSLSHLS,0
PPLMTDGGGGHSHDSGHGGG,0
PPNPPNPPNPDIPEQKPNIP,0
PPNPPNPPNPDIPERKPNIP,1
PPNPPNPPNPDIPQQEPNIP,0
PPSWDQMRKCLIRLKPTL,0
PPYCTIAPVGIFGT,0
PQDFDLMYVSDIKNY,0
PQDPDNTDDNGPHDPLPHSP,0
PQFISSIHPEQSVIM,0
PQIEVTFEIDANGIL,0
PQKFKVVFDTGSSNL,0
PQLGYSLPCVAGCPN,0
PQLPYPQPQLPYPQ,0
"PQLPYPQPQLPYPQ + DEAM(Q2, Q9)",0
PQLTEEVENKGGDQGPPLMT,0
PQPFRPQQPYPQSQ,0
PQPFRPQQPYPQSQ + CITR(R5),0
PQPFRPQQPYPQSQ + DEAM(Q7),0
"PQPFRPQQPYPQSQ + DEAM(Q7, R5)",0
PQPQPFPSQQPYLQ,0
PQPQPFPSQQPYLQ + DEAM(Q9),0
PQQQYPSGQGSFQP,0
"PQQQYPSGQGSFQP + DEAM(Q2, Q4)",0
PQRDMPIQAFLLYQE,0
PRFTILVRLLKQLKV,0
PRGPPLSSSLGLALLLLLLA,1
PRHGEQFYYFYQQIY,0
PRLAAMMLLQLLEGV,1
PRLRTTISRAKPVWY,0
PRPSHHGVFAFLLSPSPYEL,0
PRRARSVASQSIIAY,0
PRRQEYLSKSMALTG,0
PRRVGLGLPNRLRFF,0
PRTSFAKRFAKWALP,0
PRVGEDRHILPRFTI,0
PSDKHIEKYLNKIQNSLSTEWS,1
PSDKHIEQYLKKIKNSISTEWS,0
PSDKHIEQYLNTIQNSLSTEWS,1
PSDQHIEKYLKTIKNSLSTEWS,0
PSDQHIEKYLKTIQNSLSTEWS,0
PSDQHIEKYLQKIKNSLSTEWS,0
PSDQHIEKYLQKIQNSLSTEWS,0
PSDQHIEKYLQKIRNSLSTEWS,1
PSLHVRKQKALEAEL,0
PSQLPVYKLLPSQNR,0
PSREECPKPLSRVSI,0
PSSESQVNKSKRQPN,0
PSWGLARVGSKKPGGTTYYY,1
PSYLLKMSCIANLDV,0
PTDVARVVNAPIFHV,0
PTFLMYLSAQRVKLA,0
PTKAAHIVFPSYEIE,0
PTKVARVALENAASV,0
PTLKFFRSGSPIDYS,0
PTLPQNLEVTKSTGL,0
PTNFNHTKLSSSSSI,0
PTPGLLSLAATSASD,0
PTSDKETSVALHLIA,0
PTTTEQPDDKFECPSRFGYFADPKDPHKFYICSN,1
PTWLKTNGAVNGKGS,0
PVAWHNRITLRVELL,0
PVCFSRNSSLSSLSI,0
PVDQIIAIATDYLAN,0
PVKALGEPIRFLLSY,0
PVLVHNQLVLTPSIV,0
PVPQLQPQNPSQQQ,0
PVPQLQPQNPSQQQ + DEAM(Q8),0
PVQKQDIVTLKTEVL,0
PVRPYEYSRRSLYYS,0
PVVVPPFLQPEVMGV,0
PVVVTHGVQIVHSSG,0
PYFLSMLPMSPTAMG,0
PYIIQLKTITHHQRL,0
PYPQPQPFRPQQPY,0
PYPQPQPFRPQQPY + CITR(R9),0
PYPQPQPFRPQQPY + DEAM(Q11),0
"PYPQPQPFRPQQPY + DEAM(Q11, R9)",0
PYPQSQPQYSQPQQ,0
PYSVLATDYENYAIV,0
PYYTREELAFDGVKI,0
PYYTTQSYETKLLFD,0
QADFAIEAL + DEAM(Q1),0
QAETAGARLVVLATATPP,0
QAKWVRQNGIVLLLP,0
QALALWQKFRDLSID,0
QANHTGTGLLLTLQP,0
QAPGKGLEWVAVISY,1
QAPLKFHFGLNLKLYQWIL,1
QARRQQVKQYLSTTL,0
QASNMYRNFTKGLCG,0
QASNMYRNFTKGLLW,0
QATDAYVRVFLGPKY,0
QATDDSGHESDSNSNEGRHH,0
QATLTLTQGPSCWDD,0
QCFKNDIHKLVLAAL,0
QCLGFTPEHQRDFIA,0
QDFLALIPTDQVLAI,0
QDFLALIPVDQIIAI,0
QDFLRRVQELRINMQKNFISFDA,1
QDFTNRINKLKNS,0
QDHWDAWTAMTAATP,0
QDKIHPFAQTQSLVY,0
QDPDNTDDNGPQDPDNTDDN,0
QDRIGYVYALPTKAA,0
QDTGIQIVRRSLEEP,0
QDVERGTFSHRHHVL,0
QDYKVLADKTYLTRQ,0
QECVGGACVCPNLQK,0
QEFDDAVKENNSIKI,0
QEFMILPTGAATFTE,0
QEGDWPNLKPSMPFG,0
QEIQAIFTQKSKPGP,0
QEKLETSPEFKALYD,0
QELELQAQIHGLPVP,0
QELILVPIHRKVHWS,0
QEPQSVSILQHLLRF,0
QERLAKLAGGVAVLY,0
QERQELFASRFLHSS,0
QETPLMFSRCTSVSS,0
QEVIDLGGEAIHSTE,0
QFASFIDKVRFLEQQ,0
QFGDFHNTAQCIIDQ,0
QFILYLGSKNAKKEY,0
QFISANFTLKDNTRA,0
QFLYALSSALFQRED,0
QFTNCRHNSAYKLHF,0
QFVHDPQLGYSLPCV,0
QFYPLTGMTKEVQQK,0
QFYYDKSEQYCGYPE,0
QGDGVKLHLKAKAEV,0
QGENEKYLPFLNNIETLY,0
QGFRIPKGTTLITNLSSVLK,0
QGIAHRDLKSDNILV,1
QGIINFEQKESNGPV,0
QGKAHLESRSYQEAQ,0
QGPPQDGNGNIISPS,0
QGSFQPSQQNPQAQ,0
QGSFQPSQQNPQAQ + DEAM(Q9),0
QHANACRFWPTGRGI,0
QHIGVEFMFINDLEQ,0
QHIRTKSSRLQASGL,0
QHRIALHVADGLRYL,0
QHTILKDLVKLLNAFNGPFKSN,1
QIELNSRGEVRKLRV,0
QIIAIATDYLANDAE,0
QIRCYSAPVAAEPFL,0
QIWTAMMYSVKKRLK,0
QIYRRIREWGRDYVS,0
QKFETPGIMQFTNEE,0
QKFNMEYFKVAFKPT,0
QKGMLVSHINVTVER,0
QKGYMVSSMTDLWEA,0
QKLFKTLQSLFADFN,1
QKPVALINNQFLPYP,0
QKQQQQQQQQILQQ,0
"QKQQQQQQQQILQQ + DEAM(Q8, Q9)",0
QKQQQQQQQQILQQ + SCM(K2),0
"QKQQQQQQQQILQQ + SCM(Q8, K2)",0
QKQVAEFKEAFQLMD,0
QKRAAQAARVEAACG,1
QKRAAQDAAVDAACG,1
QKRVTGIITQGARDF,0
QKYPNAELAWCQEEH,0
QLDPLGILDADLDSS,0
QLEALRAILHFIVPG,0
QLFKLIHVRKTAHFE,0
QLFTFSPRH,1
QLILKMLTVHNASVN,0
QLKTVMENFVAFVDK,1
QLLRLKKYKVPQLEIVPN,1
QLLSLNSLLPESGIV,0
QLNQLSAQQFSALTE,0
QLNSPWKQVSAELAF,0
QLPQFEEIRNLALE,0
QLPQFEEIRNLALE + CITR(R9),0
QLPQFEEIRNLALE + DEAM(Q1),0
"QLPQFEEIRNLALE + DEAM(Q1, R9)",0
QLQFEYYGSLMCGAS,0
QLQNLTKRIDSLPLT,0
QLQPFPQPQLPY,0
QLTALYMEFIKEFPV,0
QLYDCNWVVVNCSTP,0
QLYTHALGVTGNTHI,0
QMGGVLCPRPGCGAG,0
QNIFLHIVDLSLPKS,0
QNLLQKLREKGVDVD,0
QNLYKYIVSLANLMALEK,1
QNPEIIPANLLPTYN,0
QNPQAQGSVQPQQL,0
QNPQAQGSVQPQQL + DEAM(Q1),0
QPDPYKLDSGLVYNP,0
QPENLEYRIMLSVHGSQHSG,1
QPIDYSLKYTTDIPS,0
QPNSHPRRQEYLSKS,0
QPQLPYPQPQPFRP,0
QPQLPYPQPQPFRP + CITR(R13),0
QPQLPYPQPQPFRP + DEAM(Q3),0
"QPQLPYPQPQPFRP + DEAM(Q3, R13)",0
QPSQQNPQAQGSVQ,0
QPSQQNPQAQGSVQ + DEAM(Q5),0
QQFISSEMVEPKEAS,0
"QQFPGQQQPFPPQQ + DEAM(Q2, Q7)",0
QQHSIAYGSSQVLQ,0
QQHSIAYGSSQVLQ + DEAM(Q2),0
QQIENDLDQTMEQLM,0
QQILQQILQQQLIP,0
"QQILQQILQQQLIP + DEAM(Q1, Q5, Q9, Q10)",0
QQILQQQLIPCRDV,0
QQILQQQLIPCRDV + CITR(R12),0
"QQILQQQLIPCRDV + DEAM(Q1, Q5, Q6)",0
"QQILQQQLIPCRDV + DEAM(Q1, Q5, Q6, R12)",0
QQMEMEIAKSEKFGS,0
QQNWWTLLVDLLWLLLFLAI,1
QQPISQQQQQQQQQ,0
QQPISQQQQQQQQQ + DEAM(Q1),0
QQPQEQVPLVQQQQ,0
"QQPQEQVPLVQQQQ + DEAM(Q1, Q4, Q6)",0
QQPYLQLQPFPQPQ,0
QQPYLQLQPFPQPQ + DEAM(Q1),0
QQPYPQPQPFPSQQ,0
QQPYPQPQPFPSQQ + DEAM(Q1),0
QQQLIPCRDVVLQQ,0
QQQLIPCRDVVLQQ + CITR(R8),0
"QQQLIPCRDVVLQQ + DEAM(Q1, Q2)",0
"QQQLIPCRDVVLQQ + DEAM(Q1, Q2, R8)",0
QQQPLSQVSFQQPQ,0
QQQQQKQQQQQQQQ,0
QQQQQKQQQQQQQQ + SCM(K6),0
QQQQQQILQQILQQ,0
"QQQQQQILQQILQQ + DEAM(Q4, Q5, Q9)",0
QQQQQQQPLSQVSF,0
"QQQQQQQPLSQVSF + DEAM(Q6, Q11)",0
QQQQQQQQQKQQQQ,0
QQQQQQQQQKQQQQ + SCM(K10),0
QQQQQQQQQQQPLS,0
QQQQQQQQQQQPLS + DEAM(Q10),0
QQTRGLLGCIITSLTGRD,0
QQYGAEECVLQMGGV,0
QREASKRPSARVAAN,0
QRIRELIAQTRSVAS,0
QRNSHDSSVVAQEQD,0
QRPWRKGQEMNATGG,0
QRQYNDTRSLFPVVL,0
QRRKQWWNESKAQIW,0
QRVGLVASQKNDLDA,0
QSIVQTLKAMPEYQD,0
QSIVQTLNAMPEYQN,0
QSKFYETLNPVVQQN,0
QSLIQKLKDKGVDVD,0
QSLIRAYQIRGHHVA,0
QSLVEAQPNVDKLVE,0
QSPMTSDDKCMTQQP,0
QSQLALKQSLEASLA,0
QSTWINYFKLIHVRK,0
QSVIMPPHSITQTVS,0
QSYETKLLFDLFYYA,0
QTCLPAGDYCDVISG,0
QTCVPQFHQPLVSHQ,0
QTDAKTDVPMSLENF,0
QTIPYTTIHNVPDFE,0
QTLFLLLLLLAAVSA,0
QTMKGLDIQKVAGTW,0
QTNTLAIIESGGGIL,0
QTWARYFVKFLDAYA,0
QVGLAALIIQDFRGF,0
QVGSFIVSYLRNLRA,0
QVKQYLSTTLGPKLA,0
QVKTSLYNAASLFGF,0
QVLAIAADYLANDAE,0
QVLSASQSAIKSAAN,0
QVNAKLDEKDKALQN,0
QVNKSKRQPNSRPRS,0
QVPLPRPLFEANFDA,0
QVRNSSGLY,1
QWDVLRLVHRIHQHS,0
QWWNESKAQIWTAMM,0
QYAGTDGPCKVPAQMAVDMQ,1
QYDPVAALF,0
QYIYSKVNNLNTDHG,0
QYMRADQAAGGLR,0
QYNRYQQYGAEECVL,0
QYPDFGVNLIWNHKR,0
QYSHSIITNLLYHVV,0
QYVLRKIQINNAENT,0
RAAEQARWEAASKET,0
RACLGEPLARMELFLFFTSL,0
RAINSLDNLRGENAD,0
RALEAVIIDLRKQSR,0
RALLCEQQARDANIR,0
RARRELPRF,1
RAVESYLLAHSD,1
RAVIDYSKADAWAVG,0
RCGRSMQGYPFNPCL,0
RCNNVGIRIYVDVVL,0
RCQAIHNVVHAIIL,0
RCQAIHNVVHAIIL + CITR(R1),0
RCQHVPFGVVQGMKT,0
RDFIARDLGPTLANS,0
RDKPITFTQVLSCQK,0
RDKTLIVWKLTRDET,0
RDLGPTLANSTHHNV,0
RDLKSDNILVELDPD,1
RDLLKLLVRIQQPNY,0
RDPANWQILKRVNYL,0
RDTRGLPEDLQDFLA,0
RDVDLFLTGTPDEYVEQ,0
RDYVSELPTEVQKLK,0
REANLSHYV,0
RECKEAYHEGECSAV,0
REEHEKPDNNKKKAGSDNKY,0
REKGVDVDKIIELIR,0
REKLQLILTLSRNASLYLNGA,1
REQRRFSVSTLRNLGLGKKS,0
REQSCRRPNAQRFGISNYCQIYPPNVNKIREALAQTH,1
REWGRDYVSELPTEV,0
REYTEDENPAIPKDK,0
RFDVSFPNSIIKRDS,0
RFLEYSTSECHFFNGT,1
RFLGPKGFAGVQVSP,0
RFLRLLDLAQEGLKEESGFL,1
RFLWQLKFECHFFNGTERVR,1
RFNKRENFKNVLESDLIP,1
RFNSSHGFPVEVDSD,0
RFPIDFRKFSNNFEF,0
RFPYKVQAGKTTITR,0
RFVPSAAVEFVGAFV,0
RGDTGVFLQYTHARL,0
RGEPFSTYYIKHREQ,0
RGGTTTITKSRNLNK,0
RGLDVSVIPTSGDVVVVS,0
RGSLAAVAHAQSLVE,0
RGVGITGLIDDIIAI,0
RGVGITGLIDDVLAI,0
RGVKIAVFGIGQGINVAFNR,0
RHALMTWGDKFSADE,0
RHFCRYGPVVKVVFD,0
RHHVLHDQNVDKRTC,0
RHNSAYKLHFNAFEY,0
RHNWVNHAVPLAMKLIQQLN,0
RHRIKMGASLLQIYSA,1
RHTYYENQFCVSEKP,0
RHVICLDCFHLYCVT,0
RIIIDRFMDFREQEK,0
RINLKALQNILNNAKSAHFKFV,1
RIQLLEEDLERSEER,0
RIREWGRDYVSELPT,0
RIVVEFSSPNVAKKF,0
RKAKAVEHLLSTRNM,0
RKAQRKGSNVFSMFS,0
RKARDMVGQVAITRI,0
RKCLIRLKPTLHGPTPLL,0
RKHLNDRINRENANQLVVIL,0
RKHLRRGVGITGLID,0
RKLIYDAAVEGDLLL,0
RKLRVNKFVELWEIN,0
RKLYLKRKLIYDAAV,0
RKPLIIFTPKSLLRH,0
RKQKPVLQKYAELLV,0
RKQWWNESKAQIWTA,0
RKTIINESLNFKIRD,0
RKVEVHVPVKFQINL,0
RLAKYNQILRIEEEL,0
RLAVDKELDEMVNEA,0
RLDDDMLQEIIAEVD,0
RLDQDMLDEIIAEVD,0
RLEDQAPSTHNVEVPFVKTFTYSVLDIQPNE,0
RLEFDEFVTLAAKFI,0
RLFHTQPSITYQTLK,0
RLKEAEARAEFAERS,0
RLKGKFIWICKINVA,0
RLKLGFGKSMPTNCV,0
RLLLLLLLLLRGAVC,0
RLLLRIQELEIQARA,0
RLLMLDDQRLLLPHW,0
RLLRDYQELMNTKLA,0
RLMGQPFNRRTLEEL,0
RLMPSAHAI,0
RLNDAMKRLQAAERG,0
RLNDRQFVHDPQLGY,0
RLPAKAPLL,0
RLPASPAAL,0
RLPIVLNLVNRALAAPLNRA,1
RLPSGRNLV,1
RLQTALLVVL,1
RLRFFRQSVAGLAAR,1
RLRMLQNMASIKTTK,0
RLSTQRYRLQQPLPP,0
RLVHRIHQHSIIPEQ,0
RLVPIICHRGCTLRF,0
RLVVLATATPPGSVTVSH,0
RLYKTLGQL,0
RMNFLAAMPFLPPSM,0
RMSGECQSPHCPGTS,0
RMSGGSDDDEVVIAA,0
RMVIRYQMKSAVEEG,0
RNCELVGLHDLNQGS,0
RNDWTVQNCDLDQQS,0
RNDWTVQNCDLDQQS + PHOS(S15),0
RNIFQRFGEIVDIDI,0
RNLALETLPAMCNV,0
RNLALETLPAMCNV + CITR(R1),0
RNLRASANPSKEKQK,0
RNNENRSYNRKHNNTPKHPE,0
RNPILHFMRLKPKGLNNI,1
RNSASMDLSSSSMSS,0
RNTNAGAPPGTAYQS,0
RNYHWLNDEVINFYM,0
RPCIPKSFGYSSVVC,0
RPFFYQEVIDLGGEA,0
RPIERSQSPVHLRRP,0
RPLCGSDNKTYGNK,0
RPLFEANFDASSGLT,0
RPQQPYPQSQPQYS,0
RPQQPYPQSQPQYS + CITR(R1),0
RPQQPYPQSQPQYS + DEAM(Q3),0
"RPQQPYPQSQPQYS + DEAM(Q3, R1)",0
RPRMLVMELASKGSL,0
RQFQFIQVAGRSGDK,0
RQFYQLDAYPSGAWY,0
RQFYQLDAYPSGAWYYVP,1
RQKKLEQANRRLLLR,0
RQLFQGQDMSEEETE,0
RQNGIVLLLPHGMEG,0
RQPLSFDHAVELKLL,0
RQQLYARYFLERLSN,0
RQQVVLTERWARAHP,0
RQSVAGLAARLQRQF,1
RQYLCVNTPSPRLAA,0
RRFEYDDPRFLRLLDLAQEG,0
RRFHPKLGDKEMIQH,0
RRGPRLGVRATRKTSERSQPRGRRQ,1
RRINRVTDRNITLSL,0
RRITRIQQIEKDILR,0
RRLLAVAATRGLPAA,0
RRLQGFRLEEYLIGQ,1
RRMELSMGPIQANHT,0
RRNLLKYIKAPSLNGASA,1
RRQRWAARYPPGPLPLPGLG,0
RRRNVRSVYATMGDH,0
RRRYNINYRIKELGT,0
RRSIASQLSRVLDLP,0
RRVIIPSHLAYGKRG,0
RRVQQEIDDVIGQVRRPEMG,0
RSEERLATATAKLAE,0
RSERLAKYNQILRIE,0
RSLTPCTCGSSDLYLVTR,1
RSPEFQSIVQTLKAM,0
RSSPYPTDVARVVNA,0
RSTIIGNFIANLKEA,0
RSVASKIQVSMMFDG,0
RTLMRKVYDAYEGKD,0
RTLVVHEKADDLGKG,0
RTMIHIPGVRNSSSS,0
RTYIKVLRKLLGSANKI,1
RVAANVLHLSLWGEH,0
RVALAGEYGAVTYRK,0
RVALENAASVSGMLL,0
RVDYNHHHSTDLNVS,0
RVEKLHLSHNKLKEI,0
RVFESTVTGRCEALY,0
RVHVDINYNLKQHET,0
RVIVSEGKSKFTTEL,0
RVIYNFCNSVRVMMT,0
RVLRAFTSSVPLLPG,1
RVMSIRGSPKLDDKG,0
RVNELTTINVNLASA,0
RVNYLFQRYKGYLPR,0
RVQPGKLRVQCSTCR,0
RVRWESSSSRAVIAP,0
RVTEFKYSRDIGDAF,0
RVVNAPIFHVNSDDP,0
RWHRITVIRDSNVVQ,0
RWNKGTILKASVEYI,0
RWSLGDFGDIIMGTD,0
RYGRVESVKILPKRG,0
RYHLQQARRQQVKQY,0
RYMYPTWFNYTKYEY,0
RYNKDFCKDIRWSLG,0
SAFGNHASTV,0
SAFKLRITRGDIQTL,0
SAGLLSGYPFQCLGF,0
SALQNIYTTLRDPAN,0
SALTEVLFHFLTEPK,0
SAPVAAEPFLSGTSS,0
SARQRLRCASIQKFG,0
SAWLFRMWYIFDHNYLKPL,1
SCISMRQSGCLPLLI,0
SCITYQRGSHAGNKL,0
SCTGKTVTVGSDGKA,0
SCWDDVLIPNRMSGE,0
SDDDEVVIAAFKTFE,0
SDDKCMTQQPRHTYY,0
SDGKAYIEILSSADD,0
SDKNKAYLHFLFEMT,0
SDLKAIDDKIDLFKNPYD,0
SDPLLSSVSPAVSKA,0
SDSAGNDGGPPQLTEEVENK,0
SDYPKIRVTVTRDQP,0
SEASLNLKRAILAHF,0
SEDVIVDNPAQFISA,0
SEEHHSHNQKLSKKR,0
SEKDTPVYVRVFLGP,0
SEKYKSDLDSIKKYINDK,0
SELITKAVAASKERS,0
SELPTEVQKLKEKC,0
SEMVEPKEASHLITV,0
SEQKNTLLKSYKYIKESV,1
SESEDLQQVIASVLR,0
SESSSSSESHENNSS,0
SEVLVMQSEYRLHPY,0
SEVTALNRQIGGTPI,0
SEVYHHLKNVIQGKF,0
SEWLQIDLGSQKRVT,0
SEYGVLGFELGFAMA,0
SFDEMLPGTHFQRVI,0
SFIDASNVAIIGFFK,0
SFLKITVPSCRKGCI,0
SFLVKKKSNSISVGE,0
SFNDENLRIVVADLFSAGMV,0
SFNIAIMHREDMQDI,0
SFQQPQQQYPSGQG,0
"SFQQPQQQYPSGQG + DEAM(Q3, Q6, Q8)",0
SFSKLLVHHSFDLVI,0
SFSVPTGQPRPSHHGVFAFL,1
SGCLSNLQLNGASIT,0
SGFLREVLNAVPVLLHIPAL,0
SGFQPCGHSDHFFIG,0
SGGSFISSGGRASST,0
SGHESDSNSNEGRHHLLVSG,0
SGLENHDSGVGIYAP,0
SGLLSVSSGAAAHRH,0
SGLYSLSSMVTVPGS,0
SGRKYHIRRGVGITG,0
SGSLSGFLSTDVLDI,0
SGTSSNYVEEMYCAW,0
SGTVDFDEFMEMMTG,0
SGTVDFDEFMEVMTG,0
SGVIKGMEWAMRQASGGGNG,0
SGYPFQCLGFTPEHQ,0
SHATSLVNGSSNYLL,0
SHCQLSNSPRAIEHA,0
SHDFVTPNMYFKDVV,0
SHLSRLAPDLLASIS,0
SHNQKLSKKRQVPLP,0
SHRIRREYTEDENPA,0
SHVHFRFVPSAAVEF,0
SIFGTGEQAQQRRKQ,0
SIGKGCSAAVYEATM,0
SIGWAYQYALSSDSKNLSDLK,1
SIHKFEFASKNKVTY,0
SIIYHNDKKMILVVD,0
SIKKYINDKQGENEKYLP,0
SILNLCAISIDRYTA,0
SILQNVHATL,0
SILYFSNFVPVFLPA,0
SINLMFSQMYHAQLA,0
SIVGTLEAMPEYQNL,0
SIVLVLGSTFVAYLP,0
SIYNSFYVYCKGPCQ,0
SKAIIVGPKAYVNPI,0
SKAVYYKKILPTRSS,0
SKDFQYTNEANIYKL,0
SKDQFEFALTAVAEEVNAILKA,1
SKEFIPELNKLGSLFGQGE,1
SKKLLELNRMISHIFFIS,1
SKLCDHEMRTKRDHV,0
SKPGPDPLDTRRLQG,0
SKRGPKQLAPHPNII,0
SKVHAIMNIGKECEN,0
SKWIDKDQLTALYME,0
SLDIMAAVVPKILTV,0
SLDLAEQEL,1
SLENFMNITGSINLM,0
SLEVSEEKANLREEE,0
SLFGFPFQLTTKPMV,0
SLFRSPYEK,1
SLGDFGDIIMGTDME,0
SLGFPLKLVLAGSSA,0
SLGILGIKNLIAAAVPKLTIE,1
SLIKELHHFRILGEE,0
SLINLGGSKSISISV,0
SLISLLAAGIRPRML,0
SLKESRKLSDRGVKIAVFGI,0
SLKPGGSTDTLSGTSMASPH,0
SLKYTTDIPSSQKPA,0
SLLDAQSAPLRVYVE,0
SLLFLLFSL,0
SLLGHITDPFHKHGV,0
SLLLVGILFHATQAE,0
SLLMWITQC,1
SLLPLRLLLLLLLLL,0
SLLRHPEARSSFDEM,0
SLMCLALGGVLIFLSTAVSA,1
SLPCVAGCPNSLIKE,0
SLPDVTFVINGRNFN,0
SLRDPAFYQIWKRVQ,0
SLSGDHCIIGRTLVV,0
SLSVLLLISLKDRFLNNN,1
SLTRVDLSSSVLPGD,0
SLVPNLDYERFRGSW,0
SLYNLNYIGSEDSIY,0
SLYYSNGYSHYYGNY,0
SMDDLKTFTSLSLYM,0
SMFFSLEMRSGYLHV,0
SMGPIQANHTGTGLL,0
SMHPDFYGHIFHMYR,0
SMLKNLIHSKHKMIA,0
SMPFGKTPVLEIDGK,0
SMSCPSTGLTEDILT,0
SNDMPEIQPFTYTKP,0
SNDRILLIKPLQIGVD,1
SNEIKIVATPDG,1
SNEILRLKGLMNSILAQNSGQSLEQ,1
SNFVPVFLPAKPATT,0
SNGPVKVWGSIKGLT,0
SNKRRMGLTEYDAVK,0
SNKYHTKGDHEV,1
SNLTTSQQDIVLADE,0
SNPIIVSAGWDKVVK,0
SNVTWFHVISGTNGT,0
SNWWDNGDKQISFCR,0
SNYDEEVKIVATLKA,0
SNYLLFYDQHYYEEK,0
SPAGRSIYNSFYVYC,0
SPARYELIVDKSRLG,0
SPASEPSVCTVAASTKDDGK,0
SPCSVTCGKGTRSRKREILH,0
SPEFQSIVGTLEAMP,0
SPFNYNPSPRKSSTD,0
SPLSPKVLDNERKQSDPQSQ,0
SPNALVLWEAQFGDF,0
SPPAGSPAGRSIYNS,0
SPPAQNLLLKSYFSE,0
SPTDPKTLVKFVEGN,0
SPVLVFQCNSRHVIC,0
SPVPNMQREVLVFLR,0
SPWTSPTWLKTNGAV,0
SPYFVTNTEKMITEF,0
SQDFVLIFSVHGLPKSVIDAG,1
SQEPMSIYVYALPLKMLNIPSINVHHYP,1
SQETYKQEKNMAINP,0
SQEVLKLLDSKGLLQ,0
SQGVVNQPEYEEEIS,0
SQIFRRVFSLIPVI,1
SQIMEAARKLYKLEN,0
SQKDLLEQKRGRVDNYCR,1
SQKDPHVWDGRSAIV,0
SQPIFSFYLSRDPGA,0
SQPQYSQPQQPISQ,0
SQPQYSQPQQPISQ + DEAM(Q9),0
SQQDIVLADELSQEV,0
SQQPFQIELNSRGEV,0
SQQQQQQQQQQQQK,0
SQQQQQQQQQQQQK + SCM(K14),0
SQRPVDMVQLLKKYP,0
SQSAIKSAANVEGDI,0
SRAASYFFDGSSYAI,0
SRGEVRKLRVNKFVE,0
SRILKTRGEMVKNRT,0
SRIMIQASNMYRNFT,0
SRLHPEGLGHGRTLF,0
SRLINRLLEISPYML,0
SRNLQDDLQDFLALI,0
SRNRNGKRVVLPVEI,0
SRPRSSSSSSSSSSS,0
SRTLRAHLPLDINFR,0
SRVSIMAGSLTGLLL,0
SSADDGVLAIHVNSK,0
SSARPERFLQMCNDD,0
SSEEEDEIDGPAGQAEPDRAHY,0
SSESHENNSSPSSES,0
SSEWVLENAKNPKAILI,1
SSGKASYESFQNFRV,0
SSGLTTEQPVTFRPR,0
SSGSGGDDDDPHGPVQLSYY,0
SSGWDESVPDEKLHW,0
SSKPPSKRLTFGWHR,0
SSLEVFFQQQRILLR,0
SSLFQVANQYTGILY,0
SSLPISLQATPATPA,0
SSLSALSLDEPFIQK,0
SSMSSSSSSSSSSSS,0
SSNFGAISSVLNDIF,0
SSNFGAISSVLNDIL,0
SSQVLQQSTYQLVQ,0
SSQVLQQSTYQLVQ + DEAM(Q7),0
SSRGSRKAQRKGSNV,0
SSRITTFFNFGYVAL,0
SSRVLLRQQLMRAQA,0
SSSSITLTLPCAMGL,0
SSSSSESNESVLAKK,0
SSSSSSEEHHSHNQK,0
SSSSSSSSSSESNES,0
SSSSSSSSSSSEEHH,0
SSSSSSSSSSSSSSS,0
SSSVKFVSTSYSRGPR,0
SSVFNVVNSSIGLIM,0
SSVVCVCNATYCDSF,0
SSWYVDRGGNGCLMA,0
SSYAIVRDITRRGKF,0
SSYANTTSEDGKVM,0
SSYINTFDNFTYSAH,0
SSYNYIKDSIDTDINFAN,1
STADTYNLQYPAVPY,0
STDRSPYEK,1
STDSTLVYKIQPVNN,0
STDYYQELQRDISEMFLQIYKQGGFLGLSNIKFRPGSVV,0
STEGNVTGMFA,0
STEIYQAGNKPCNGV,0
STEIYQAGSTPCNGV,0
STEYGLFQINNKIWC,0
STGLTEDILTHIGNV,0
STIYLLKTKLSEREN,0
STKVPAAYAAKGYKVLVL,0
STLRNLGLGKKSLEQWVTEE,0
STRFEEFLQRKWSSE,0
STRMELQHLQSIEVF,0
STRNMDVSYSKSYLY,0
STRSGRRMELSMGPI,0
STSCNVVVASQECVG,0
STWPAYFSIVKIERV,0
STYYIKHREQAIMLF,0
SVFSNNAREIIRLHSDASKN,0
SVGLAVILHTDSRKD,0
SVHKSWDIFFRNTNA,0
SVIPAARLFKAF,1
SVKKRLKGKFIWICK,0
SVLANGMKLLGITPVCRM,0
SVLKDEAVWEKPFRFHPEHF,1
SVLSLSQSKVLPVPQ,0
SVNATSVRLQSWQSE,0
SVNATVVRLQSWQSE,0
SVRDRLARL,1
SVRLQSWQSEMLRMN,0
SVVSNSILYFSNFVP,0
SVVSPDYQSYRTLMR,0
SWFSQILIGTLLMWLGLNTK,1
SWPDAHGQGGSTADT,0
SWQSEMLRMNPRTSF,0
SYDDALVSKYTDSQG,0
SYDFVTPNMFMKDVF,0
SYDIEANINNYKNPR,0
SYENGSCTGKTVTVG,0
SYESFQNFRVEADIE,0
SYFLYSKLRVDRNSW,0
SYFSEEGIGYNIIRV,0
SYKYIKESVENDIKFAQE,1
SYTNPAVAA,1
SYTTHGTVHVVVNNQ,0
SYYYFNYPTFFNSTE,0
TAHFEKKMGENTGIV,0
TAIFQDTVRAEMTKVLAPAFKKELERNNQ,1
TAKAAGKSVMNMSLGGPRSE,0
TALILPLALLLLDAA,0
TAMTAATPIQIVGDD,0
TAQTRALFEKVQPTH,0
TARKHHRRGVGITGL,0
TASCGVWDEWSPCSVTCGKG,0
TASPEEEEGGEGEAA,0
TASVLSSSSTHSAPR,0
TAYQSPLPLSRGSLA,0
TCAAKLRPLTASQTV,0
TCEGGNGLGCGFAFC,0
TCGAQALIVTQTMKG,0
TCGNGWVCEHRWRQI,0
TCVVDSSYINTFDNF,0
TDDLRLAALSIEESK,0
TDDNGPQDPDNTDDNGPHDP,0
TDGIPDSIQDSLKESRKLSD,0
TDKHPPKDWGDVDTL,0
TDLGLFRAAVPSGAS,0
TDLKVYYGENHVVLK,0
TDNANILIQVDNARL,0
TDPEAAKYVHGIAVH,0
TDRDYDVLQWQTIPY,0
TDSQGKNRTTIRGRT,0
TDVPMSLENFMNITG,0
TEAEGGVYDISNKRR,0
TEAQYKEMEDKVSST,0
"TEDQAMEDIKQMEAESIS + PHOS(S16, S18)",1
TEEDKENALSLLDKIYT,0
TEKIKQVASISANND,0
TELLNNMRSQYEQLA,0
TEQPVTFRPRRQLFQ,0
TESLKAAFITYLQAK,0
TESNNQVLSASQSAI,0
TFDNFTYSAHHIVQN,0
TFEIDANGILQVSAE,0
TFFNFGYVALTIKHV,0
TFGCGYLNDFNTACL,0
TFHKDVVVDLVCYRR,0
TFKVAYSTDGRQFQF,0
TFLEDVLNEIRLRML,0
TFRKLYLKRKLIYDA,0
TFRPRRQLFQGQDMS,0
TFTQVLSCQKCMKAS,0
TFVHIPLVQAKLRNP,1
TFVINGRNFNISSQY,0
TFYKTACWARDRVNE,0
TFYSGETIHKIVLNP,0
TGCIRHFVIDGRPVS,0
TGEIPFYGKAIPLEVIKG,0
TGEQAQQRRKQWWNE,0
TGILYKARLSLDRNE,0
TGLIDDIIAILPVDD,0
TGLIDDVLAILPIED,0
TGLLLLQAVSWASGA,0
TGLVSALTGLVNVSL,0
TGMTKEVQQKLIDDH,0
TGNKKTHLTELQRLL,0
TGRDKNQVEGEVQIVSTA,0
TGRGIYHNDAKTFLV,0
TGSAVGRGIEDSLTI,0
TGTPDEYVEQVAQYKAL,0
TGYLEELEKERSLLL,0
THHNVRLLMLDDQRL,0
THIDAHFLSQTKQSGENF,0
THLNDLESHPVSFSF,0
THLTELQRLLDTAFD,0
THPEIYLFKKLGVSLLKRI,1
THQFNVAGSVTVDKT,0
THRLFPNTMLFASEA,0
TIDVNFYCVPLGPAA,0
TIKKQSLTLTEIQAH,0
TIKYLKSLFSHAFEVVKT,0
TILAILKLSASFSKL,0
TILKASVEYIKWLQK,0
TILKLSQNKFSCIPE,0
TINVYYFNHGNLSFTYRR,1
TIQKLIETRTSQLFS,0
TISPGYSIHTYLWRR,0
TISRAKPVWYAGRDP,0
TISVDGVTPVFYNMV,0
TIWQLLAFFLAFFLDLILLI,0
TKADIEQLPSYRFHP,0
TKDIFYNNLTVYYDH,0
TKDTFYKQPMFYHLG,0
TKEQLELVKSKSVSP,0
TKEVFDNLKTKKTPT,0
TKFILVLTGEERQGV,1
TKFQLTLSSFLQEDQ,0
TKGFQTILAILKLSA,0
TKIFSFSNDFTIQKL,0
TKQPINRGQSKPVLQ,0
TKRIDSLPLTENFSL,0
TKRIKVAASTLRTYI,1
TKTGNAGSRLACGVI,0
TKWELLQQINTSTRT,0
TKYEYDVPRHGEQFY,0
TLANSTHHNVRLLML,0
TLAWGLLLMILHPDVQRRVQ,0
TLCQAALLLCSWRAA,0
TLEELIDEVDADKSG,0
TLFAGRMSGGSDDDE,0
TLGEAISSSTLRVFA,0
TLHIHYSGSLVDGRI,0
TLIEGLMMAKALSLSLNLP,1
TLIPSQSPMTSDDKC,0
TLKAMPEYQDLIQRL,0
TLKIETKVLQPANLG,0
TLLFVLSAPIGVLSQ,0
TLLLGSSGSGGDDDDPHGPV,0
TLLLIALWNLHGQALFLGIV,0
TLLVDLLWLLLFLAILIWMY,0
TLNAMPEYQNLLEKL,0
TLNNDVISLYNFKHI,0
TLQPNGLLFYYASGS,0
TLRLWDLAAGRTTRR,0
TLRNQEQLLSYFTED,0
TLSSFLQEDQGYYFC,0
TLTDVENLHLPLPLL,0
TLTLPCAMGLPAYFK,0
TLTPVGRLITANPVITESTE,1
TLVLTAQTYNASPVI,0
TLVVNKIRGTLKVAA,0
TMSQELVPASRVALA,0
TNACSINGNAPAEIDLRQMRTVTPIRMQGGCGSCWAFSGVA,1
TNFKYNYSVIEG,1
TNGAVNGKGSLKGQP,0
TNGVGYQPYRVVVLS,0
TNLSDALLQVRKHLNDRINR,0
TNLTDALLEVRKHLNDRINR,0
TNSRNITCITCTDVR,0
TNTLGVYVLTTALIP,0
TPEHQRDFIARDLGP,0
TPGWLPINSQLDYHV,0
TPLLYRLGAVQNEVTLTH,1
TPNMFMKDVFIFHKK,0
TPPIPSVTIAKLPLP,0
TPPSPAKTDEQKKESKFL,0
TPPSVVGGLGVTMVH,1
TPVCFSRNSSLSSLS,0
TQEFKHQLQGGVLRV,0
TQLDELLTEHRMTWDPAQPP,0
TQLKRALTGIAVEQD,0
TQLNRALTGIAVEQD,0
TQYKCWIDRFSYDDA,0
TRDPLVIELGQKQVI,0
TRGEHTEAEGGVYDI,0
TRGEMVKNRTVDWAL,0
TRGLPEDLQDFLALI,0
TRHVTKAALLAAVTL,0
TRINYLGDWGMQFGL,0
TRMQTQINGLNQGVSNAND,1
TRRLIRVIYNFCNSV,0
TRSRKREILHEGCTSELQEQ,0
TSEALTQYKCWIDRF,0
TSIFQLKEVVAKRQG,0
TSPDFLALYNAIRSP,0
TSPEFKALYDAIRSP,0
TSQASDDATAGATTTQAPVEAPEPPH,1
TSRLDFACNIYIWAP,0
TSVSSLDSFESRSIA,0
TSYHFRASLNKADPH,0
TTFIGGQESALPLRE,0
TTFNLLDKVMKKAKD,0
TTIHNVPDFETVYMD,0
TTINVNLASAKSKVE,0
TTLITNLSSVLKDEAVWEKP,0
TTTGAVTVAGAVIAP,0
TTTQAYRVDERAAEQ,0
TTTRRICKLDCSKIP,0
TTVESNVIYSQNSFL,0
TVATAPEVKYTVFETALKKAITAMSEAQKAAK,0
TVDFSLDPTFTIETTTLP,0
TVFADLFDPIIEDYH,0
TVFDASRSTV,0
TVFYTISFDQMERYL,0
TVFYVGGVPSNFKLP,0
TVIDYELRNVGDLSY,0
TVIISKKGDIITIRTESTFKNTEISF,1
TVIMDVKGIKVQSAD,0
TVLSPYLNTTVLPSS,0
TVLWLALAPAATAQP,0
TVNGTTRTVNPLGFFKKEALPK,1
TVPRDVRIMVHPHVT,0
TVRTDAVNKEAL,1
TVSHPNIEEVALSTTGEI,0
TVTGRCEALYEVDHL,0
TVTKEQSKFYETLNP,0
TVTVGSDGKAYIEIL,0
TVYMDQLFKLIHVRK,0
TWADFYFVAILDYLN,0
TWFNYTKYEYDVPRH,0
TWGDKFSADEVDDAY,0
TYDNECLLCAHKVE,0
TYDPYHGVKAQLNSP,0
TYGVGHQPYRVVVLS,0
TYIFPVNYTVHTPEQ,0
TYKTSKLYKMAVAFM,0
TYKVLYKKVNEAYEG,0
TYLPTNASL,1
TYLSVDRKMYWQFKM,0
TYNFHSYLNEKALGV,0
TYQLVQQLCCQQLW,0
TYSAHHIVQNDAFYT,0
TYTKPFKTPYNPQLR,0
TYTYADTPDDFQLHN,0
TYYNPALKSRLSITK,0
VAAIEKSETFDPMKVPDHSDKFERHIGIIDL,1
VAASTKDDGKADFSNYGAVV,0
VAATLGFGAYMSKAHGVD,1
VAAVAGGARMPCAEL,1
VAFNDEFNNDLKQTL,0
VAFSVDNRQIVSGSR,0
VAGTWYSLAMAASDI,0
VAKKFHVGHLRSTII,0
VAKVNIKPLEDKILV,1
VALMHPDGSAVVVVL,0
VAMKFVWADEELLKK,0
VAMPMLYNTRYSSKR,0
VANPSHLEAADPVVM,0
VANQYTGILYKARLS,0
VASQKNDLDAVALMH,0
VATLKGLVNTPAGPV,0
VAVELLKSNKITGPH,0
VAVISYDGGNKYYAD,1
VAVLYVGAASEVEMK,0
VAYLPDYRMQEWARR,0
VAYQATVCARAQAPPPSW,0
VCGLGAYLIGLGKQGGPGLC,0
VCKVAAEWRSTFHKD,0
VCNATYCDSFDPPTF,0
VCNKDLRPICGTDG,0
VCVLKGDGPVQGIIN,0
VCYRRNGHNEMDEPM,0
VDAYAVEAGLKVAAT,0
VDDAKSFIDASNVAI,0
VDDALNATRAAVEEG,0
VDDAYDNFEIDDKGF,0
VDELYALFQEKLESS,0
VDFQNTPYCFDQLRRRFGDV,0
VDHIIELIHQIFNIV,0
VDIDIKKVNGVPQYA,0
VDIELVTTTVSNMAEVRSYC,1
VDKIIELIRALFGLT,0
VDLGLRITPLLGQWM,0
VDNPAQFISANFTLK,0
VDQDLVGWPAPQGSRSLT,0
VDVVLNQMSGSWPDA,0
VDWALAEYMAFGSLL,0
VEAGLKVAATLHTAT,0
VEEDAEAMQHELREA,0
VEEDAEAMQQELREA,0
VEEILRLMGQPFNRR,0
VEGDIYSEMRRKAKA,0
VEGDLLLKLNNYRYN,0
VEGEVQIVSTATQTFLAT,0
VEGPKLVVSTQTALA,0
VEGTPINFSTATSLS,0
VEHLLSTRNMDVSYS,0
VELEEELRVVGNNLK,0
VELSLEVSEEGNMTLTSFEVRQFANV,1
VEMHQVRDLKIKSVY,0
VENFTIHGGLSRILK,0
VENGLISRVLDGLVMTT,0
VENNLRSIFGTGEQA,0
VEPFTESQSLTLTDV,0
VEPKVKKREAVAGRGRGRGRGRGRGRGRGRGGPRR,1
VEQVAQYKALPVVLENA,0
VETLKAMPEYQSLIQ,0
VEVKIKELNYLKTIQDKL,1
VEVVVGIPAIYLEST,0
VFIGKFYTEFDMENN,0
VFIICWLPFFITHIL,0
VFLGPKYNYYGHEYD,0
VFLNAFNTYFRYMYP,0
VFLQYTHARLHSLEE,0
VFLRKQWDVLRLVHR,0
VFLTVPSLSSTAEEK,0
VFMFNVGHKKLKIRS,0
VFRRDTHKSEIAHRF,0
VFTDNSSPPAVPQSFQVA,0
VFVDNHDNQRGHGAG,0
VGAFVVDAYAVEAGL,0
VGFLETISPGYSIHT,0
VGGVYLLPRRGPRLGVRATR,1
VGHKKLKIRSQEKYN,0
VGIADLSTDYNHNNLLTK,0
VGINGLIDDVIAILP,0
VGITGLIDDVLAILP,0
VGLHDLNQGSDYVRG,0
VGLTFCTTMSFPWDP,0
VGPKAYVNPINEAIG,0
VGSKSQTTTTQSSHC,0
VGTILEMLGHRLDDD,0
VGTILEMLGTRLDQD,0
VGYSNAQGVDYWIVRNSWDTNWGDNGYGYFAANI,1
VHAIILHQQQQQQQ,0
VHDDVVSMEYDLAYKLGDLHPNTHVISDIQDFVVEL,1
VHDLVHNLKNSHVHF,0
VHEKEKYKYICDDLD,0
VHENVIISSPFRPWW,0
VHFFRNIVTARTP,1
VHIIQTKGRNVSIFI,0
VHMNDNVLHSAFEVG,0
VHTFPAVLQSSGLYS,0
VHVFINTQYAGITKI,0
VHYHLPVARAAAPVQ,0
VIADFGCCLADESIG,0
VIAPKITSVISRMPV,0
VIASLTCGRRFEYDDPRFLR,0
VIATLLVASCLGAAT,0
VIIDLRKQSREVGGN,0
VIKGGRHLIFCHSKKKCDE,0
VIKLADTSSSSESSS,0
VILHTDSRKDSPPAG,0
VILSMDNNRNLDLNS,0
VIMGNWENHWIYWVG,1
VIPVRRRGDSRGSLLSPR,1
VIQTYTNVDQDLVGWPAP,1
VIRKELEQIFCQFDS,0
VISLYNFKHIYNMDP,0
VISNDVCAQV,0
VIVKVNNGIRDFSTS,0
VIVNIASILGLQNMA,0
VIYLKPLAGVYRSLKKQI,0
VKAAVEYLKSDEFET,0
VKDRVDEVDHTN,1
VKFFDTGSAVGRGIE,0
VKNFVAAYKNGMLAR,0
VKNRTVDWALAEYMA,0
VKYREAHGLPIMESN,0
VLADELSQEVCILSA,0
VLAFLVHEL,0
VLAFSEVIHQVEMHQ,0
VLAKKIINNQIGPKP,0
VLDFAPPGA,1
VLDMTLKFEGPAESY,0
VLESDLMQFKHISSNEYI,0
VLFGLGFAI,0
VLGGGVALLRVIPALDSLTPANED,1
VLHSAFEVGA,1
VLIPNRMSGECQSPH,0
VLKMVAELTHTESNN,0
VLLHFQDPALQLSDL,0
VLLLASLAATSLAIL,0
VLLLPHGMEGMGPEH,0
VLNEIRLRMLQNMAS,0
VLPGDSVGLAVILHT,0
VLPLTVAEV,1
VLPVEIPIQCEPVLN,0
VLQKYAELLVSQGVV,0
VLREILKELDDKITA,0
VLRRQILLPFRKPLI,0
VLSDPRKREIFDRYG,0
VLSILNYKTEVNVKG,0
VLSNDVCAQV,0
VLSNLSYSA,0
VLTDSQKRAAYDQYG,0
VLTTPVNAATSVVNA,0
VLVLNPSVAATLGFGAYM,0
VLWEAQFGDFHNTAQ,0
VLYQDFDEM,1
VMATRRNVL,1
VMLSMLMHSSSKEVF,0
VMTTVLATL,0
VNAATSVVNAATGTV,0
VNEINSTIYLLKTKL,0
VNHIGGLSILDPIFAVLSDVLTAIFQDT,1
VNKIKHQEVLKLLSLQFEKS,1
VNNTDTNFHSDITFR,1
VNPIIYTTFNIEFRK,0
VNQHKKAIEEDLKHF,0
VNTPSPRLAAMMLLQ,0
VNTQFSSGWDESVPD,0
VNTSLVLAFSEVIHQ,0
VNVKDILNSRFNKRENFK,0
VNVSLVPVNALAGPV,0
VPADIISSTDKLGFY,0
VPADQLRVIFAGKEL,0
VPAQMAVDMQTLTPVGRLIT,1
VPDFETVYMDQLFKL,0
VPIHRKVHWSLVAID,0
VPIMNIYSAFEFDPN,0
VPNVDIRARNYRLNH,0
VPPELVVVFDVRLAV,0
VPQYGYLTL,1
VPSERYLGYLEQLLR,0
VQAAVAYLQSDEFET,0
VQASNGPLSASDASAL,1
VQKLQKEVDRLEDEL,0
VQLHFVSGNNVLAHR,0
VQLRESGPSLVKPSQ,0
VQNCDLDQQSIVHIV,0
VQNCDLDQQSIVHIV + PHOS(S10),0
VQPQQLPQFEEIRN,0
VQPQQLPQFEEIRN + CITR(R13),0
VQPQQLPQFEEIRN + DEAM(Q5),0
"VQPQQLPQFEEIRN + DEAM(Q5, R13)",0
VQQLCCQQLWQIPE,0
"VQQLCCQQLWQIPE + DEAM(Q7, Q11)",0
VQTLNAMPEYQNLLQ,0
VQVSPVHENVIISSP,0
VRALLQREASKRPSA,0
VRDLKIKSVYIPYLV,0
VRGERPGWAAGPGAE,0
VRGSFTFDSPHHYTP,0
VRIMVHPHVTAVSEQ,0
VRKEILKRESKKLKL,0
VRKIKATQNEQTCVP,0
VRLGSWDRGMQYSHS,0
VRNSWDTNWGDNGYGYFAANIDIMMIEEYPYVVIL,1
VRQSTFIKEAPSPTL,0
VRVLYQPNVENLYHIYRHIGVNYAETVL,0
VSASIQRIRELIAQT,0
VSCVRFSPNHSNPII,0
VSDVVLSSDGNYALS,0
VSEKPLDTCMPLICH,0
VSGNNVLAHRSLPLS,0
VSGRKYHIRRGVGIT,0
VSHINVTVERKGREL,0
VSIFITACDFGLLLW,0
VSILQHLLRFDEVLY,0
VSLLASPWTSPTWLK,0
VSNYQDPSNVRNCEL,0
VSRSGDENAFRDMVR,0
VSRTQRRGRTGRGKPGIY,0
VSSMTDLWEAFHTIY,0
VSYKLVSRSGDENAF,0
VTDRNITLSLVANPS,0
VTDSNLIY,0
VTEEAACLCAAFANHSGRPF,1
VTEIKKDENNAVPSM,0
VTESIQAHTLAKANG,0
VTHESYQELVKKLEALEDAV,1
VTINQSLLQPLNVEI,0
VTLDALPELQNFLNF,0
VTVDSLPEFKNFLNF,0
VTVERKGRELTVIDY,0
VTVGDSYDIEANINN,0
VTYRKSKRGPKQLAP,0
VVADGAGLPGEDWVF,0
VVCFSDFEARQLLRV,0
VVFDTGSSNLWVPSK,0
VVFQQTKAIADKIKD,0
VVGAVGVGK,1
VVGVLSQKDPHVWDG,0
VVIAAFKTFEDDGKI,0
VVKDPYKFLNKEKRDKFL,1
VVKNFMALYKKDPVK,0
VVLFHSKFMELTRMQ,0
VVLLVATEGRVRVNSAYQDK,0
VVNNQIGFTTDPRMA,0
VVPAFYEIYPFLFVE,0
VVQQNLKLSSGKKQK,0
VVRAWGCAGPCGRAV,0
VVRLQSWQSEMLRMN,0
VVRVVRHTSKNDLLS,0
VVVASQECVGGACVC,0
VVVDEDKKVYRVFES,0
VVVDLVCYRRNGHNE,0
VVVFDVRLAVTVDHA,0
VVVGAVGVGK,1
VVVSTDALMTGFTGDFDS,0
VVVVLNRSSKDVPLT,0
VWKFVENFKQEHTLN,0
VWNLTNCKLKINHIG,0
VYEVAIPDRLTLRVE,0
VYIGDPAQL,0
VYKLLPSQNRLQAQK,0
VYKPQVPIMNIYSAF,0
VYRSLKKQIEKNIFTFNL,0
VYVLTTALIPVLEKE,0
VYYDHEDTKNHAVSF,0
WASGARPCIPKSFGY,0
WDEDGEKRIPLDVAE,1
WDIFFRNTNAGAPPG,0
WDRGMQYSHSIITNL,0
WEKPFRFHPEHFLDAQGHFV,0
WENKTMGFGRSVESV,0
WEYVLLLFL,1
WFLDEFKVLQLFTGL,0
WGGDVAFVKHLTALE,0
WGQGLLVTVSSASTT,0
WGRDYVSELPTEVQK,0
WGTMVSHRSGETEDS,0
WGYIPDGDALVFVDN,0
WIDKDQLTALYMEFI,0
WIDRFSYDDALVSKY,0
WILGDVFIGKFYTEF,0
WIQVNLMRKMWVTGV,0
WKRVQHYFNKFQMKQ,0
WLVHKEWFHDIPLPWHAGAD,1
WNESKAQIWTAMMYS,0
WNKGTILKASVDYIR,0
WPADLQYIYSKVNNL,0
WPAPQGSRSLTPCTCGSS,1
WQFKMDKIQIGNGSF,0
WQILKRVNYLFQRYK,0
WQKFRDLSIDEYMRI,0
WQKLVKGILPLVGMA,0
WRLGATIWQLLAFFLAFFLD,0
WRVYRDAVSQAGTWS,0
WSKVVIAYEPVWAIG,0
WTAMMYSVKKRLKGK,0
WTQQHDTKLRIMKTH,0
WTRGERCNL,1
WVCARLGRL,1
WVCEHRWRQIFNMVG,0
WVDTPGVRLSMPGFH,0
WYLDFLAPAKATLGE,0
YAAKGYKVLVLNPSVAAT,0
YADQYEIGQSYDIEA,0
YALTWVRQAPGKALE,0
YCDSFDPPTFPALGT,0
YCFSRNDSLSSLDFD,0
YCGVGPHDSVYDKKP,0
YCQQLVLSQGTSPEL,0
YCVQLSQIQSQISSL,0
YDAAVEGDLLLKLNN,0
YDAIRSPEFQSIVGT,0
YDAVKGMNDGIAELI,0
YDIEANINNYKYPYV,0
YDKKPLGFPFDRPIH,0
YDKNPWIQVNLMRKM,0
YDYVKPRLRTTISRA,0
YEATMPTLPQNLEVT,0
YEGKDQFYYDKSEQY,0
YEIYPFLFVENDVIQ,0
YEKLKPKYISDGNVQ,0
YEKQDKYCGLPEHLL,0
YETFHLSDLPSYTTH,0
YFEPYEMGLSNAVKV,0
YFFDGSSYAIVRDIT,0
YFGGFNFSQILPDPS,0
YFNQQMFARYMLERY,0
YFSIVKIERVGKHGK,0
YFTEDVFLNAFNTYF,0
YFVKFLDAYAEHKLQ,0
YGCTFTAVIPTNVFG,0
YGKIIKRLEAKGFKL,0
YGLAPSALQNIYTTL,0
YGNKCNFCNAVVE,0
YGPVVKVVFDRLKGM,0
YHDVGLNTYYSYYYF,0
YHGQRHSDEHHHDDSLPHPQ,1
YHHLKNVIKGKFGLD,0
YHIRRGVGITGLIDD,0
YHLYRKASSPKISKN,0
YHNDAKTFLVWCNEE,0
YHYDADENSKQKKWD,0
YIDYRARQTRLNHKP,0
YIEILSSADDGVLAI,0
YIMIMKTPKTIAVSF,0
YIMSGPARYVYFHMVLPVEAQ,0
YIPIQYVLSRYPSYG,0
YIPTSCLREILRELD,0
YIQQNGNLCYSGFQP,0
YISWCLWW,0
YITKVDLQAKFDNLL,0
YITTAVLREILKELD,0
YITTNVLREILKELD,0
YIVMSDWTGGALLVLYSFAL,1
YKDLTSSNYVVKDPYKFL,0
YKGDFTYLSVDRKMY,0
YKIADPICTFIFSIL,0
YKKILPTRSSPLISC,0
YKKVNEAYEGKTTYT,0
YKLENDHPNYMNWDT,0
YKLHFNAFEYFHLKQ,0
YKNPRVVKNFMALYK,0
YKQPMFYHLGHFSKF,0
YKQQIKTLNTRLKEA,0
YKSFSYCGVGANHRI,0
YKTLYQAELSQMQTH,0
YKVYDFVRTHLYPHV,0
YLAYRNQSL,1
YLEPGPVTA,1
YLESTKNILPSNVAA,0
YLGKQFGLSGKDDWE,0
YLGYLEQLLRLKKYK,0
YLGYLEQLLRLKKYKVPQ,1
YLIGQSIGKGCSAAV,0
YLKGSSGGPLLCPTGHAV,1
YLKTIQDKLADFKKNNNF,1
YLNVHMKNGQVIVKV,0
YLSAQRVKLAEGLDP,0
YLSKSMALTGDATAV,0
YLTRQRDLLKLLVRI,0
YLVAYQATV,1
YLYEIARRHPYFYAP,0
YMDGTMSQV,0
YMEFIKEFPVVSIED,0
YMKALGGVGLATRKLGNLAKPTVIIS,1
YMLDLQPETTDLYCYEQLNDSS,0
YMNGTMSQV,1
YNDKGKAFSAPYSVL,0
YNHNNLLTKFLSTGMVFE,0
YNLQYPAVPYGPGDF,0
YNNLTVYYDHEDTKN,0
YNNLVNKIDDYLINLKAK,0
YNYEFALESIKLLIKKLDELAKKVKAVNPDEYY,1
YNYSVIEGGPIG,1
YPADLAHKIHSANHM,0
YPCTLRQYLCVNTPS,0
YPGVYSNVATLRDFV,0
YPKPDCTAEDRPLCG,0
YPLYENYIKGIDYLG,0
YPNGQEVPARPAYMM,0
YPPGPLPLPGLGNLLHVDFQ,0
YPPKPCGI,1
YPQPQLPYPQPQLP,0
YPQPQLPYPQPQLP + DEAM(Q5),0
YPSFLPYFLSMLPMS,0
YPSGQGSFQPSQQN,0
YPTTYLNPWQWTQQH,0
YQEAQLPALPESVPP,0
YQKFALPQYLKTVYQ,0
YQLHTGKNTIQRNSH,0
YQQIYARYMLERYSN,0
YQTIDDLKNQIFNLT,0
YQTLKQSTWINYFKL,0
YRHIADLAGVPDVIL,0
YRLNHKPFTYNVEVT,0
YRNFTKGLCGNMDGE,0
YRRIREWGRDYVSEL,0
YRVDERAAEQARWEA,0
YRYGDVRSYHGPAQL,0
YSDPNNHEVY,0
YSEMRRKAKAVEHLL,0
YSFALMLIIIILIIFIFRRD,1
YSGESFYREKSQEVL,0
YSKADAWAVGAIAYE,0
YSKVVENNLRSIFGT,0
YSLAMAASDISLLDA,0
YSLEPLFEAYISRLR,0
YSQPQQPISQQQQQ,0
YSQPQQPISQQQQQ + DEAM(Q5),0
YSTYGKFLADAGCSGGAY,0
YTCVVMHEALHNHYT,0
YTGFGRVTEFKYSRD,0
YTGPFSVDNVLEFKL,0
YTISFDQMERYLAAI,0
YTNEANIYKLNIAEI,0
YVEGKRVDYNHHHST,0
YVLSRYPSYGLNYYQ,0
YVNPINEAIGCVVEK,0
YVPLVGDDSWKFRLD,0
YVRVFLGPKYDYLHS,0
YVSELPTEVQKLKEK,0
YWLCAAFGPSIKIWD,0
YWTIDFDIAVARVST,0
YYEEKKRNQFCLSWS,0
YYGENHVVLKSGFKR,0
YYKVFLARL,1
YYNAEKKLAFHTDTD,0
YYRQLAGKSVDPYNN,0
YYYGYATQYDYYYPE,0
YYYPEDLQSYERRVR,0
