Sequence,BaseSeq,Annotation,FinalLabel,VariantName,PrimaryProbability
AAALGIGTDSVILIK,AAALGIGTDSVILIK,,1,handcrafted_no_fs,0.2862309
AAEEYGYLVTDEKPLS,AAEEYGYLVTDEKPLS,,1,handcrafted_no_fs,0.7018287
AAFVGAAATLVSLLTFMIAATYNFAVLKLMGR,AAFVGAAATLVSLLTFMIAATYNFAVLKLMGR,,1,handcrafted_no_fs,0.539594
AAILRRHIDLLVGSATLCSALY,AAILRRHIDLLVGSATLCSALY,,1,handcrafted_no_fs,0.7827774
AAIYGARAAFGVVLV,AAIYGARAAFGVVLV,,1,handcrafted_no_fs,0.20574187
AALALLLLDRLNQLE,AALALLLLDRLNQLE,,1,handcrafted_no_fs,0.5391311
AARVTQILSSLTITQLLKRLHQWI,AARVTQILSSLTITQLLKRLHQWI,,1,handcrafted_no_fs,0.71720666
AASAAIYGAEAGNGV,AASAAIYGAEAGNGV,,1,handcrafted_no_fs,0.13540064
AASAAVYGARAANGV,AASAAVYGARAANGV,,1,handcrafted_no_fs,0.29372382
ADVVTMTSYAPLLAK,ADVVTMTSYAPLLAK,,1,handcrafted_no_fs,0.10820846
AEERADIAESQVNKLRAK,AEERADIAESQVNKLRAK,,1,handcrafted_no_fs,0.7595097
AEFPYRYTLVAELKN,AEFPYRYTLVAELKN,,1,handcrafted_no_fs,0.38089293
AELKKQSKPVT,AELKKQSKPVT,,1,handcrafted_no_fs,0.6486154
AEQFKQKALGLLQTASRQAE,AEQFKQKALGLLQTASRQAE,,1,handcrafted_no_fs,0.8864505
AERIIRFRNPRFAIS,AERIIRFRNPRFAIS,,1,handcrafted_no_fs,0.5796383
AERLTSRVKALFSVL,AERLTSRVKALFSVL,,1,handcrafted_no_fs,0.49030995
AGDLRDMISMYLPGA,AGDLRDMISMYLPGA,,1,handcrafted_no_fs,0.38018793
AGFKGEQGKGEP + MCM(K4),AGFKGEQGKGEP,MCM(K4),1,handcrafted_no_fs,0.52501434
AGTIAGLNVLRIINE,AGTIAGLNVLRIINE,,1,handcrafted_no_fs,0.5067083
AIKLTSSAGVLS,AIKLTSSAGVLS,,1,handcrafted_no_fs,0.87882733
AISGSSLAHPQRKIS,AISGSSLAHPQRKIS,,1,handcrafted_no_fs,0.56536365
AKRLDACQDQLLE,AKRLDACQDQLLE,,1,handcrafted_no_fs,0.80873585
ALASPGSCLEEFRASPFLEC,ALASPGSCLEEFRASPFLEC,,1,handcrafted_no_fs,0.71348196
ALFSVLNYERARRPGLLGASVLGLDDIHRA,ALFSVLNYERARRPGLLGASVLGLDDIHRA,,1,handcrafted_no_fs,0.7310489
ALKALNAHWSADAVY,ALKALNAHWSADAVY,,1,handcrafted_no_fs,0.43256783
AMMIARFKMFPEVKEKG,AMMIARFKMFPEVKEKG,,1,handcrafted_no_fs,0.8336039
ANGILNVSAVDKSTG,ANGILNVSAVDKSTG,,1,handcrafted_no_fs,0.23417549
APNFQFVLDAFASKD,APNFQFVLDAFASKD,,1,handcrafted_no_fs,0.09072069
AQGYKVLVLNPSVAATLGFG,AQGYKVLVLNPSVAATLGFG,,1,handcrafted_no_fs,0.74044997
ASDYKSAHKGFKGVDAQGT,ASDYKSAHKGFKGVDAQGT,,1,handcrafted_no_fs,0.54701585
ASGGTFSSFAINWVRQAPGQ,ASGGTFSSFAINWVRQAPGQ,,1,handcrafted_no_fs,0.6816681
ASYYGAAVGIPPLQY,ASYYGAAVGIPPLQY,,1,handcrafted_no_fs,0.21117525
ATLTRGAAAKIICNL,ATLTRGAAAKIICNL,,1,handcrafted_no_fs,0.27531832
ATRLFPDFFTRVALY,ATRLFPDFFTRVALY,,1,handcrafted_no_fs,0.6565629
AVNIVGYSNAQGVDY,AVNIVGYSNAQGVDY,,1,handcrafted_no_fs,0.39983135
AVQNTVEDLKLNTLGR,AVQNTVEDLKLNTLGR,,1,handcrafted_no_fs,0.7370024
AYCLWMMLLISQAEAALELIT,AYCLWMMLLISQAEAALELIT,,1,handcrafted_no_fs,0.6588278
AYVLLSEKKISSIQS,AYVLLSEKKISSIQS,,1,handcrafted_no_fs,0.8420628
CDVGSDWRFLRGYHQYAYDGKD,CDVGSDWRFLRGYHQYAYDGKD,,1,handcrafted_no_fs,0.7767385
CGKYLFNWAVRTKLKLT,CGKYLFNWAVRTKLKLT,,1,handcrafted_no_fs,0.60381275
CIPYVRGGGAVPPAC,CIPYVRGGGAVPPAC,,1,handcrafted_no_fs,0.27376392
CLELAEYLYNI,CLELAEYLYNI,,1,handcrafted_no_fs,0.7404988
CLVKDYFPEPVTVSW,CLVKDYFPEPVTVSW,,1,handcrafted_no_fs,0.4723612
CVYCKTVLELTEVPAV,CVYCKTVLELTEVPAV,,1,handcrafted_no_fs,0.62695557
DAEFRHDSGYEVHHQKLVFFAEDVGSNKGAIIGLMVGGVVIA,DAEFRHDSGYEVHHQKLVFFAEDVGSNKGAIIGLMVGGVVIA,,1,handcrafted_no_fs,0.79095787
DAFSLDVSEKSGN,DAFSLDVSEKSGN,,1,handcrafted_no_fs,0.7448097
DESIGLQLPFSSWYV + PHOS(S12),DESIGLQLPFSSWYV,PHOS(S12),1,handcrafted_no_fs,0.5559699
DEVLVEIETDKVVL,DEVLVEIETDKVVL,,1,handcrafted_no_fs,0.6403377
DEVMLMKRANINHVR,DEVMLMKRANINHVR,,1,handcrafted_no_fs,0.6079647
DFSYFVSGNFSYLKN,DFSYFVSGNFSYLKN,,1,handcrafted_no_fs,0.6345585
DGGSILKISNKYHTK,DGGSILKISNKYHTK,,1,handcrafted_no_fs,0.38731962
DIKFLPFKVVEKKTKPYIQV,DIKFLPFKVVEKKTKPYIQV,,1,handcrafted_no_fs,0.5758613
DILLTQSPAILSVSP,DILLTQSPAILSVSP,,1,handcrafted_no_fs,0.657508
DKDLLENGAIFV,DKDLLENGAIFV,,1,handcrafted_no_fs,0.59656364
DKHIEKYLKRIQNSLSTEWS,DKHIEKYLKRIQNSLSTEWS,,1,handcrafted_no_fs,0.8952288
DKKQRFHNIRGRWTG,DKKQRFHNIRGRWTG,,1,handcrafted_no_fs,0.3215528
DKLKQQRDTLSTQKET,DKLKQQRDTLSTQKET,,1,handcrafted_no_fs,0.8063613
DKSMKVTVAFNQF,DKSMKVTVAFNQF,,1,handcrafted_no_fs,0.69781035
DLLLAKFEKMYQLGV,DLLLAKFEKMYQLGV,,1,handcrafted_no_fs,0.5329356
DLVTASAALLQSAATHTDSI,DLVTASAALLQSAATHTDSI,,1,handcrafted_no_fs,0.6250572
DNKKTRIIPRHLQLA,DNKKTRIIPRHLQLA,,1,handcrafted_no_fs,0.3303085
DNQPTVTIKVYEGERPLTKD,DNQPTVTIKVYEGERPLTKD,,1,handcrafted_no_fs,0.6013675
DQFEFALTAVAEEVNA,DQFEFALTAVAEEVNA,,1,handcrafted_no_fs,0.8266783
DQHIEKYLKTIKNSLSTEWS,DQHIEKYLKTIKNSLSTEWS,,1,handcrafted_no_fs,0.8510457
DQHIEQYLKTIQNSLSTEWS,DQHIEQYLKTIQNSLSTEWS,,1,handcrafted_no_fs,0.8544247
DQKSCFKSMITAGFEPVVIE,DQKSCFKSMITAGFEPVVIE,,1,handcrafted_no_fs,0.7682464
DQMWKCLIRLKPTLHGPTP,DQMWKCLIRLKPTLHGPTP,,1,handcrafted_no_fs,0.63994914
DRSYYALNVAVTADN,DRSYYALNVAVTADN,,1,handcrafted_no_fs,0.3656557
DSVTPMILKAQKGGNL,DSVTPMILKAQKGGNL,,1,handcrafted_no_fs,0.64160585
DSYSIYWTSFTTRLY,DSYSIYWTSFTTRLY,,1,handcrafted_no_fs,0.5905602
DTLLKALLEIASCLEKALQVF,DTLLKALLEIASCLEKALQVF,,1,handcrafted_no_fs,0.8546553
DVIGNNIANVNTVAF,DVIGNNIANVNTVAF,,1,handcrafted_no_fs,0.31394777
DVRQLVRALLQREAS,DVRQLVRALLQREAS,,1,handcrafted_no_fs,0.4896848
DWIHIDTTPFAGL,DWIHIDTTPFAGL,,1,handcrafted_no_fs,0.479998
EAEDLQVGQVELGGGPGAGSLQ,EAEDLQVGQVELGGGPGAGSLQ,,1,handcrafted_no_fs,0.8671216
EAILNTMSQELVPAS,EAILNTMSQELVPAS,,1,handcrafted_no_fs,0.50144047
EARMLNASIVASFVELPL,EARMLNASIVASFVELPL,,1,handcrafted_no_fs,0.67925096
EARPALLTSRLRFIPK,EARPALLTSRLRFIPK,,1,handcrafted_no_fs,0.7523946
ECDFQEFMAFVAMVTTACHEFFEHE,ECDFQEFMAFVAMVTTACHEFFEHE,,1,handcrafted_no_fs,0.7869296
EDKKEDVGTVVGIDLGTTYS,EDKKEDVGTVVGIDLGTTYS,,1,handcrafted_no_fs,0.85121465
EDTGVYYCSRNYYGS,EDTGVYYCSRNYYGS,,1,handcrafted_no_fs,0.4441743
EECFLQGFNLSGKKE,EECFLQGFNLSGKKE,,1,handcrafted_no_fs,0.37947634
EEPIAPYHFDLSGHAFGAMA,EEPIAPYHFDLSGHAFGAMA,,1,handcrafted_no_fs,0.48696563
EFSYSKFEQALILPE,EFSYSKFEQALILPE,,1,handcrafted_no_fs,0.5720257
EICPAVKRDVDLFLTGT,EICPAVKRDVDLFLTGT,,1,handcrafted_no_fs,0.7646935
EIRLKVFVLGGCRHK,EIRLKVFVLGGCRHK,,1,handcrafted_no_fs,0.48817965
EKLKHILGKARFIKLN,EKLKHILGKARFIKLN,,1,handcrafted_no_fs,0.569068
ELLKAHAVISRSWLI,ELLKAHAVISRSWLI,,1,handcrafted_no_fs,0.86746395
ELLLDLSLTKVNATEPE,ELLLDLSLTKVNATEPE,,1,handcrafted_no_fs,0.6842877
ELPCRISPGKNATGMEVGWY,ELPCRISPGKNATGMEVGWY,,1,handcrafted_no_fs,0.83953536
ELPLASIVSLHASSCGGRLQ,ELPLASIVSLHASSCGGRLQ,,1,handcrafted_no_fs,0.9241756
ENARILKNCVDAKMTEE,ENARILKNCVDAKMTEE,,1,handcrafted_no_fs,0.78556484
ENIQRFLPNPAGVQLEDPEF,ENIQRFLPNPAGVQLEDPEF,,1,handcrafted_no_fs,0.6786095
ENPVVHFFKNIVTP,ENPVVHFFKNIVTP,,1,handcrafted_no_fs,0.7098813
ENPVVHFFKNIVTPR,ENPVVHFFKNIVTPR,,1,handcrafted_no_fs,0.5744725
ENPVVHFFKNIVTPRTP,ENPVVHFFKNIVTPRTP,,1,handcrafted_no_fs,0.7893347
ENPVVHYFKNIVTPR,ENPVVHYFKNIVTPR,,1,handcrafted_no_fs,0.44736952
ENRYCVQLSQIQGLI,ENRYCVQLSQIQGLI,,1,handcrafted_no_fs,0.9124944
EQVAQYKALPVVLENA,EQVAQYKALPVVLENA,,1,handcrafted_no_fs,0.7786365
ERTYLVNDKAAKMHA,ERTYLVNDKAAKMHA,,1,handcrafted_no_fs,0.39052594
ETFTKSTPAYFMDKA,ETFTKSTPAYFMDKA,,1,handcrafted_no_fs,0.25750485
ETRFLGQAINPAEII,ETRFLGQAINPAEII,,1,handcrafted_no_fs,0.31223595
EVKEKGMAALPRLIA,EVKEKGMAALPRLIA,,1,handcrafted_no_fs,0.17950535
EVLSKLFQIPLELYL,EVLSKLFQIPLELYL,,1,handcrafted_no_fs,0.65621394
EYLNKIQNSLSTEWSPCSVT,EYLNKIQNSLSTEWSPCSVT,,1,handcrafted_no_fs,0.7448696
FAIDSILRKPFRSRR,FAIDSILRKPFRSRR,,1,handcrafted_no_fs,0.57612705
FAVANGNELLLDLSLTK,FAVANGNELLLDLSLTK,,1,handcrafted_no_fs,0.5966121
"FDRYRLNYSLPTGQW + CITR(R3, R5)",FDRYRLNYSLPTGQW,"CITR(R3, R5)",1,handcrafted_no_fs,0.47866413
FESLEVHLRRANNINLPFGG,FESLEVHLRRANNINLPFGG,,1,handcrafted_no_fs,0.833215
FFYPSVGLSAIISEM,FFYPSVGLSAIISEM,,1,handcrafted_no_fs,0.47789443
FFYTPMSRREVED,FFYTPMSRREVED,,1,handcrafted_no_fs,0.64325404
FGVALFCGCEVEALTGTEKLIETYFSKNYQD,FGVALFCGCEVEALTGTEKLIETYFSKNYQD,,1,handcrafted_no_fs,0.8022721
FKAFILDGDNLFPKV,FKAFILDGDNLFPKV,,1,handcrafted_no_fs,0.34147593
FKGVDAQGTLSKIFKLGGR,FKGVDAQGTLSKIFKLGGR,,1,handcrafted_no_fs,0.8260374
FLAPDDQIKKNV,FLAPDDQIKKNV,,1,handcrafted_no_fs,0.778413
FNEIRRVLLEENAGGEQEER,FNEIRRVLLEENAGGEQEER,,1,handcrafted_no_fs,0.8059335
FQDTHNNAHYYVFFEEQEDE,FQDTHNNAHYYVFFEEQEDE,,1,handcrafted_no_fs,0.6503058
FRNSRFAISISSPLY,FRNSRFAISISSPLY,,1,handcrafted_no_fs,0.75789607
FSFTNLAEIGRTGELLKLPQ,FSFTNLAEIGRTGELLKLPQ,,1,handcrafted_no_fs,0.7135308
FTTMPFLFCNVNDVCNFASR,FTTMPFLFCNVNDVCNFASR,,1,handcrafted_no_fs,0.5176524
FYKNLIWLVKKGNSYPKLSK,FYKNLIWLVKKGNSYPKLSK,,1,handcrafted_no_fs,0.6219297
GAASLQPLALEGSLQKRG,GAASLQPLALEGSLQKRG,,1,handcrafted_no_fs,0.832507
GAGSGKTQTMAARIAYLLQS,GAGSGKTQTMAARIAYLLQS,,1,handcrafted_no_fs,0.71575046
GAGSLQPLALEGALQKRG,GAGSLQPLALEGALQKRG,,1,handcrafted_no_fs,0.7520709
GAGSLQPLALEGSAQKRG,GAGSLQPLALEGSAQKRG,,1,handcrafted_no_fs,0.8297261
GAGSLQPLALEGSLQKRGIV,GAGSLQPLALEGSLQKRGIV,,1,handcrafted_no_fs,0.7520709
GATRDRPLWIIFSGN,GATRDRPLWIIFSGN,,1,handcrafted_no_fs,0.4542333
GDLLAEIETDKATI,GDLLAEIETDKATI,,1,handcrafted_no_fs,0.7090522
GDRGEKPASPAVQPDA,GDRGEKPASPAVQPDA,,1,handcrafted_no_fs,0.3466002
GDTPAIIRQPGGFTIIDADN,GDTPAIIRQPGGFTIIDADN,,1,handcrafted_no_fs,0.5606382
GETLLRAVESYLLAHS,GETLLRAVESYLLAHS,,1,handcrafted_no_fs,0.6390807
GGAYDTYKCIPSLEAAVKQA,GGAYDTYKCIPSLEAAVKQA,,1,handcrafted_no_fs,0.5481609
GGDRGAPKRGSGKDSHH,GGDRGAPKRGSGKDSHH,,1,handcrafted_no_fs,0.48845074
GGGPGAGSLQPLALEGSLQK,GGGPGAGSLQPLALEGSLQK,,1,handcrafted_no_fs,0.7259839
GGTGSGFTSLLMERL,GGTGSGFTSLLMERL,,1,handcrafted_no_fs,0.49853113
GIAYFSMVGNWAKVL,GIAYFSMVGNWAKVL,,1,handcrafted_no_fs,0.28390244
GIDFYTSITRARFEE,GIDFYTSITRARFEE,,1,handcrafted_no_fs,0.31033492
GIVKENIIDLTKIDRCFQ,GIVKENIIDLTKIDRCFQ,,1,handcrafted_no_fs,0.68232745
GKKVIAQDVIPVNWKPDTVY,GKKVIAQDVIPVNWKPDTVY,,1,handcrafted_no_fs,0.6172285
GLIGLIGPPGEQGEK,GLIGLIGPPGEQGEK,,1,handcrafted_no_fs,0.36327264
GMIKSNDGPPIL,GMIKSNDGPPIL,,1,handcrafted_no_fs,0.5702071
GNRFLAPDDQIK,GNRFLAPDDQIK,,1,handcrafted_no_fs,0.6763328
GQVELGGGNAVEVLK,GQVELGGGNAVEVLK,,1,handcrafted_no_fs,0.25485346
GQVELGGGSSPETLI,GQVELGGGSSPETLI,,1,handcrafted_no_fs,0.33194888
GQVELGGGTPIESHQ,GQVELGGGTPIESHQ,,1,handcrafted_no_fs,0.24544865
GRRITTRRIMENGQE,GRRITTRRIMENGQE,,1,handcrafted_no_fs,0.32218188
GSAGPPPTGEEDTAELHHHH,GSAGPPPTGEEDTAELHHHH,,1,handcrafted_no_fs,0.5101597
GSKYLATASTMDHARHGFLPRHRDTGILDSIGRFFGGDRG,GSKYLATASTMDHARHGFLPRHRDTGILDSIGRFFGGDRG,,1,handcrafted_no_fs,0.77104765
GSLQPLALEGSLQKRGI,GSLQPLALEGSLQKRGI,,1,handcrafted_no_fs,0.7602104
GSNPNYLAMLVKFVADDGDI,GSNPNYLAMLVKFVADDGDI,,1,handcrafted_no_fs,0.7212427
GSSQIWIDHCSL,GSSQIWIDHCSL,,1,handcrafted_no_fs,0.7080071
GTASFFFLYGALLLAYGFYTTGAVRQIFGDYK,GTASFFFLYGALLLAYGFYTTGAVRQIFGDYK,,1,handcrafted_no_fs,0.67148334
GTYRLIPNARANLTA,GTYRLIPNARANLTA,,1,handcrafted_no_fs,0.37312552
GVLPNIQAVLLPKKT,GVLPNIQAVLLPKKT,,1,handcrafted_no_fs,0.33466443
GVRSFAVFFDDIFGE,GVRSFAVFFDDIFGE,,1,handcrafted_no_fs,0.347019
"GVYATRSSAVRLRSSVPGVR + CITR(R6, R11, R13)",GVYATRSSAVRLRSSVPGVR,"CITR(R6, R11, R13)",1,handcrafted_no_fs,0.69905174
HGEGTFTSDLSKQMEEEAVRLFIEWLKNGGPSSGAPPPS,HGEGTFTSDLSKQMEEEAVRLFIEWLKNGGPSSGAPPPS,,1,handcrafted_no_fs,0.6407492
HGRGTCNYYSNSYSFWLASL,HGRGTCNYYSNSYSFWLASL,,1,handcrafted_no_fs,0.6866972
HHPARTAHYGSLPQKSHGR,HHPARTAHYGSLPQKSHGR,,1,handcrafted_no_fs,0.74197525
HPNIIRVLRAFTSSV,HPNIIRVLRAFTSSV,,1,handcrafted_no_fs,0.46009022
HSWSSVAFNLFMLAL,HSWSSVAFNLFMLAL,,1,handcrafted_no_fs,0.5613113
HWFVTQRNFYEPQII,HWFVTQRNFYEPQII,,1,handcrafted_no_fs,0.5692624
IAPYHFDLSGKAFGAMAKPG,IAPYHFDLSGKAFGAMAKPG,,1,handcrafted_no_fs,0.6084988
IDEAKRLRALHMKEHPD,IDEAKRLRALHMKEHPD,,1,handcrafted_no_fs,0.6316644
IDYFDARLLPGVFTV,IDYFDARLLPGVFTV,,1,handcrafted_no_fs,0.42736116
IEIGLEGKGFEPTLEALFGK,IEIGLEGKGFEPTLEALFGK,,1,handcrafted_no_fs,0.6653041
IGRFFGGDRGAPKRGSGKDSHHPARTAHY,IGRFFGGDRGAPKRGSGKDSHHPARTAHY,,1,handcrafted_no_fs,0.77585
IIFIFRRDLLCPLGAL,IIFIFRRDLLCPLGAL,,1,handcrafted_no_fs,0.4755395
IIIMMPTRKYNNQNW,IIIMMPTRKYNNQNW,,1,handcrafted_no_fs,0.44141555
IKDYVSEDYLVMSSY,IKDYVSEDYLVMSSY,,1,handcrafted_no_fs,0.4218699
ILALKNLKLDKMVGW,ILALKNLKLDKMVGW,,1,handcrafted_no_fs,0.60145247
ILLQYVVKSFDR,ILLQYVVKSFDR,,1,handcrafted_no_fs,0.8022455
INANMTWYAAIKTCLMHKAQLV,INANMTWYAAIKTCLMHKAQLV,,1,handcrafted_no_fs,0.65357774
IRQAGVQYSR,IRQAGVQYSR,,1,handcrafted_no_fs,0.76029956
IRSKSINSATHYAES,IRSKSINSATHYAES,,1,handcrafted_no_fs,0.47656652
ISFSKDCMGEAVQNTV,ISFSKDCMGEAVQNTV,,1,handcrafted_no_fs,0.7677617
ISGIQYLAGLSTLPGNPA,ISGIQYLAGLSTLPGNPA,,1,handcrafted_no_fs,0.63310176
ISVKNAEKVQTAGIVTPYDI,ISVKNAEKVQTAGIVTPYDI,,1,handcrafted_no_fs,0.8897439
ITASLRFDGALNVDL,ITASLRFDGALNVDL,,1,handcrafted_no_fs,0.40676132
IVKKHSQFIGYPITL,IVKKHSQFIGYPITL,,1,handcrafted_no_fs,0.50821465
IVKTGERQHGIHIQGSDP,IVKTGERQHGIHIQGSDP,,1,handcrafted_no_fs,0.6885508
KAKFAGRNFRNPLAK,KAKFAGRNFRNPLAK,,1,handcrafted_no_fs,0.6755041
"KAKFAGRNFRNPLAK + CITR(R7, R10)",KAKFAGRNFRNPLAK,"CITR(R7, R10)",1,handcrafted_no_fs,0.4734516
KALARALKEGRIR,KALARALKEGRIR,,1,handcrafted_no_fs,0.6932895
KAMVALIDVFHQYSGREGDK,KAMVALIDVFHQYSGREGDK,,1,handcrafted_no_fs,0.7490798
KCIEWEKAQHGA,KCIEWEKAQHGA,,1,handcrafted_no_fs,0.69423306
KELEEIVQPIISKLYGSAGP,KELEEIVQPIISKLYGSAGP,,1,handcrafted_no_fs,0.76111317
KENALSLLDKIYTSPL,KENALSLLDKIYTSPL,,1,handcrafted_no_fs,0.75602573
KFEQALILPEDVVKE,KFEQALILPEDVVKE,,1,handcrafted_no_fs,0.25995567
KGGKGLGKGGAKRHR,KGGKGLGKGGAKRHR,,1,handcrafted_no_fs,0.3951606
KGIFVIQSESLKKCI,KGIFVIQSESLKKCI,,1,handcrafted_no_fs,0.5545027
KGRGSRGQHQAHSLERVCHCLGCWLGHPDKFV,KGRGSRGQHQAHSLERVCHCLGCWLGHPDKFV,,1,handcrafted_no_fs,0.6571348
KGTGNKNKITITNDQNRLTP,KGTGNKNKITITNDQNRLTP,,1,handcrafted_no_fs,0.6434884
KHKLKKSELKELINNELSHFLE,KHKLKKSELKELINNELSHFLE,,1,handcrafted_no_fs,0.7482875
KIISRCQVCMKKRH,KIISRCQVCMKKRH,,1,handcrafted_no_fs,0.6257607
KLPINALSNSLLRHH,KLPINALSNSLLRHH,,1,handcrafted_no_fs,0.8101247
KNDMVINLNQEL,KNDMVINLNQEL,,1,handcrafted_no_fs,0.8522781
KNIIIHNINIHD,KNIIIHNINIHD,,1,handcrafted_no_fs,0.8416768
KNIVTPRTPPPSQGKGRGL,KNIVTPRTPPPSQGKGRGL,,1,handcrafted_no_fs,0.6289618
KQENWYSLKKNSRSLGEND + ACET(K1),KQENWYSLKKNSRSLGEND,ACET(K1),1,handcrafted_no_fs,0.721003
KRHRKVLRDNIQGITKPAIRRLAR,KRHRKVLRDNIQGITKPAIRRLAR,,1,handcrafted_no_fs,0.7094581
KRIAKAVNEKSCNCL,KRIAKAVNEKSCNCL,,1,handcrafted_no_fs,0.29377902
KRVFCAAVGRLAA,KRVFCAAVGRLAA,,1,handcrafted_no_fs,0.6874497
KVCEFQFCNDPFLGVYYHK,KVCEFQFCNDPFLGVYYHK,,1,handcrafted_no_fs,0.7554912
KVCGSNLLSICKTAEFQMTFHLFIAAFVGAAA,KVCGSNLLSICKTAEFQMTFHLFIAAFVGAAA,,1,handcrafted_no_fs,0.7798438
KVSFFCKNKEKKCSY,KVSFFCKNKEKKCSY,,1,handcrafted_no_fs,0.30179337
KYDYATLKVALAKKEVEAKE,KYDYATLKVALAKKEVEAKE,,1,handcrafted_no_fs,0.63532424
LAIKMMWNISAGSSS,LAIKMMWNISAGSSS,,1,handcrafted_no_fs,0.8954351
LAIKMMWNISAGSSS + PHOS(S13),LAIKMMWNISAGSSS,PHOS(S13),1,handcrafted_no_fs,0.65049493
LALEGSLQK,LALEGSLQK,,1,handcrafted_no_fs,0.8747947
LAMNYDKKKLLTHQGESI,LAMNYDKKKLLTHQGESI,,1,handcrafted_no_fs,0.7116534
LCGSHLVEALYLVCGER,LCGSHLVEALYLVCGER,,1,handcrafted_no_fs,0.8154417
LDHKFDLMYAKRAFV,LDHKFDLMYAKRAFV,,1,handcrafted_no_fs,0.5931097
LDMTFEVDPMDEPTLLYVLFEVFDVVRVHR,LDMTFEVDPMDEPTLLYVLFEVFDVVRVHR,,1,handcrafted_no_fs,0.81652737
LEFRALLFVPRRAPF,LEFRALLFVPRRAPF,,1,handcrafted_no_fs,0.45205572
LENLVVLNAASVAGAHW,LENLVVLNAASVAGAHW,,1,handcrafted_no_fs,0.7319534
LGFLQPFIEGIFSEI,LGFLQPFIEGIFSEI,,1,handcrafted_no_fs,0.33390853
LGHPDKFVGITYALTVVWLLVFACSAVPVYIY,LGHPDKFVGITYALTVVWLLVFACSAVPVYIY,,1,handcrafted_no_fs,0.855202
LGIIEVLIPSLPKKI,LGIIEVLIPSLPKKI,,1,handcrafted_no_fs,0.34432614
LGNIIQRLHGLSAFSLHSY,LGNIIQRLHGLSAFSLHSY,,1,handcrafted_no_fs,0.6909628
LIYEETRGVLKVFLE,LIYEETRGVLKVFLE,,1,handcrafted_no_fs,0.59446764
LKFIVRGNNLKFLNN,LKFIVRGNNLKFLNN,,1,handcrafted_no_fs,0.57553494
LLENGAIFVTSG,LLENGAIFVTSG,,1,handcrafted_no_fs,0.7141479
LLEQKRGRVDNYCRHNYGV,LLEQKRGRVDNYCRHNYGV,,1,handcrafted_no_fs,0.75956583
LLILRAIPKGIRDKGAK,LLILRAIPKGIRDKGAK,,1,handcrafted_no_fs,0.87499213
LLPIFFCLW,LLPIFFCLW,,1,handcrafted_no_fs,0.62386674
LMAFTAAVTSPLTTS,LMAFTAAVTSPLTTS,,1,handcrafted_no_fs,0.28490776
LNKNKYLTVIDKDAFG,LNKNKYLTVIDKDAFG,,1,handcrafted_no_fs,0.78962916
LNSKIAFKIVSQEPA,LNSKIAFKIVSQEPA,,1,handcrafted_no_fs,0.5057028
LNSMLALMAIFIGAG,LNSMLALMAIFIGAG,,1,handcrafted_no_fs,0.5374768
LNVLRIINEPTAAAI,LNVLRIINEPTAAAI,,1,handcrafted_no_fs,0.30630583
LQDVYKIGGIGTVPVGRVET,LQDVYKIGGIGTVPVGRVET,,1,handcrafted_no_fs,0.6227103
LQSSGLYSLSSVVTV,LQSSGLYSLSSVVTV,,1,handcrafted_no_fs,0.7098582
LQVLKEVKAAASKVKANL,LQVLKEVKAAASKVKANL,,1,handcrafted_no_fs,0.79558706
LRQMRTVTPIRMQGG,LRQMRTVTPIRMQGG,,1,handcrafted_no_fs,0.16479419
LRWRCNRKMITGPLQYS,LRWRCNRKMITGPLQYS,,1,handcrafted_no_fs,0.46615487
LSFLPSDFFPSVRDL,LSFLPSDFFPSVRDL,,1,handcrafted_no_fs,0.6397209
LSLYECDSTLVSLRWRCNRK,LSLYECDSTLVSLRWRCNRK,,1,handcrafted_no_fs,0.64010566
LSRFSWGAEGQRPGFGYGG,LSRFSWGAEGQRPGFGYGG,,1,handcrafted_no_fs,0.7548618
LSSEAKAFILSQPRRPALSF,LSSEAKAFILSQPRRPALSF,,1,handcrafted_no_fs,0.69344646
LTGYAFMKMLLGALG,LTGYAFMKMLLGALG,,1,handcrafted_no_fs,0.44688824
LTLMNVKNIIIH,LTLMNVKNIIIH,,1,handcrafted_no_fs,0.63404596
LVDVTLGSTHVT,LVDVTLGSTHVT,,1,handcrafted_no_fs,0.6423273
LVEALYLVCGERGF,LVEALYLVCGERGF,,1,handcrafted_no_fs,0.9124222
LVEALYLVCGERGFFYT,LVEALYLVCGERGFFYT,,1,handcrafted_no_fs,0.6841654
LVFDYEGSGSDAASLSS,LVFDYEGSGSDAASLSS,,1,handcrafted_no_fs,0.7530981
LWGEHILALKNLKLD,LWGEHILALKNLKLD,,1,handcrafted_no_fs,0.42580634
LWKGFSFIMFTSAGSEGTGQ,LWKGFSFIMFTSAGSEGTGQ,,1,handcrafted_no_fs,0.70616484
LYKDLQPFILLRLLM,LYKDLQPFILLRLLM,,1,handcrafted_no_fs,0.6978669
LYKHPDNIDVWLGGLAENFL,LYKHPDNIDVWLGGLAENFL,,1,handcrafted_no_fs,0.8130402
LYSLSSVVTVPSSSL,LYSLSSVVTVPSSSL,,1,handcrafted_no_fs,0.63676757
LYVRRVFIMDNCEEL,LYVRRVFIMDNCEEL,,1,handcrafted_no_fs,0.47862774
MDCEAGFIALTARCVHSLVV,MDCEAGFIALTARCVHSLVV,,1,handcrafted_no_fs,0.8741119
MEVGWYRPPFSRVVHLYRNGK,MEVGWYRPPFSRVVHLYRNGK,,1,handcrafted_no_fs,0.47392955
MFYFSAFEPSRRYKA,MFYFSAFEPSRRYKA,,1,handcrafted_no_fs,0.63397485
MGETLLRAVESYLLAHSD,MGETLLRAVESYLLAHSD,,1,handcrafted_no_fs,0.8141827
MIAATYNFAVLKLMGRGTKF,MIAATYNFAVLKLMGRGTKF,,1,handcrafted_no_fs,0.6011816
MMIARFKMFPEVKEKGMAAL,MMIARFKMFPEVKEKGMAAL,,1,handcrafted_no_fs,0.8525988
MSILKGASAAALYGS,MSILKGASAAALYGS,,1,handcrafted_no_fs,0.58428454
MTCENQNPCFPIQLP,MTCENQNPCFPIQLP,,1,handcrafted_no_fs,0.13983633
MYKHLFFLDSKTLDRLTP,MYKHLFFLDSKTLDRLTP,,1,handcrafted_no_fs,0.5488105
NCTFEYVSQPFLMDL,NCTFEYVSQPFLMDL,,1,handcrafted_no_fs,0.6011521
NDFLKTGHYTQMVWA,NDFLKTGHYTQMVWA,,1,handcrafted_no_fs,0.35741496
NDYSYWLSIPALMPMNMAPI,NDYSYWLSIPALMPMNMAPI,,1,handcrafted_no_fs,0.29308143
NFFRMVISNPAAT,NFFRMVISNPAAT,,1,handcrafted_no_fs,0.51062787
NFGDQELIRQGTDYKHWPQ,NFGDQELIRQGTDYKHWPQ,,1,handcrafted_no_fs,0.73521924
NFIRMVISNPAAT,NFIRMVISNPAAT,,1,handcrafted_no_fs,0.5073246
NFSQILPDPSKPSKR,NFSQILPDPSKPSKR,,1,handcrafted_no_fs,0.3221582
NGSWYYLNANGSMATGWV,NGSWYYLNANGSMATGWV,,1,handcrafted_no_fs,0.5237597
NIRFRYIVLQDTCSK,NIRFRYIVLQDTCSK,,1,handcrafted_no_fs,0.58809555
NLKLDKMVGWLLQQS,NLKLDKMVGWLLQQS,,1,handcrafted_no_fs,0.63439786
NLLLQYGSFCTQLNR,NLLLQYGSFCTQLNR,,1,handcrafted_no_fs,0.72730285
NLNRLISQIVSSITA,NLNRLISQIVSSITA,,1,handcrafted_no_fs,0.6905046
NMYAMMIARFKMFPEVKE,NMYAMMIARFKMFPEVKE,,1,handcrafted_no_fs,0.75831527
NMYAMMIARFKMFPEVKEKG,NMYAMMIARFKMFPEVKEKG,,1,handcrafted_no_fs,0.720344
NNSYECDIPIGAGICASYQ,NNSYECDIPIGAGICASYQ,,1,handcrafted_no_fs,0.6459843
NNYKTTPPVLDSDGS,NNYKTTPPVLDSDGS,,1,handcrafted_no_fs,0.15587142
NRLTPEEIERMVNDAEKFAE,NRLTPEEIERMVNDAEKFAE,,1,handcrafted_no_fs,0.7077574
NRMVNHFIAEFKRKH,NRMVNHFIAEFKRKH,,1,handcrafted_no_fs,0.601477
NTVESEDIADYYCQQ,NTVESEDIADYYCQQ,,1,handcrafted_no_fs,0.25589547
NVAGSSQIWIDH,NVAGSSQIWIDH,,1,handcrafted_no_fs,0.75976086
NYETETTSVIPAARL,NYETETTSVIPAARL,,1,handcrafted_no_fs,0.32581615
NYPSLELDKMAHG,NYPSLELDKMAHG,,1,handcrafted_no_fs,0.6896962
PCIIHRGKPFQLEAV,PCIIHRGKPFQLEAV,,1,handcrafted_no_fs,0.44041383
PDDQIKKNVLAR,PDDQIKKNVLAR,,1,handcrafted_no_fs,0.67201674
PGAIGTDGTPGAKGP,PGAIGTDGTPGAKGP,,1,handcrafted_no_fs,0.049096115
PGEINRVASCLRKLGVPPLRAY,PGEINRVASCLRKLGVPPLRAY,,1,handcrafted_no_fs,0.7045639
PGEVGFAGSPGARGF,PGEVGFAGSPGARGF,,1,handcrafted_no_fs,0.11666226
PGMVQQIQSVCMECQ,PGMVQQIQSVCMECQ,,1,handcrafted_no_fs,0.19328004
PGTIKKISFPEGFPFKYV,PGTIKKISFPEGFPFKYV,,1,handcrafted_no_fs,0.51266986
PIRALVGDEVELPCRISPGK,PIRALVGDEVELPCRISPGK,,1,handcrafted_no_fs,0.67098904
PIVQLQGDSNCLKCFR,PIVQLQGDSNCLKCFR,,1,handcrafted_no_fs,0.7558443
PKKGSKKAVTKAQKKDGKKRKRSR,PKKGSKKAVTKAQKKDGKKRKRSR,,1,handcrafted_no_fs,0.68960047
PKYVKQNTLKLAT,PKYVKQNTLKLAT,,1,handcrafted_no_fs,0.7014447
PPAYRPPNAPILSTL,PPAYRPPNAPILSTL,,1,handcrafted_no_fs,0.11245876
PPKPKDTLMISRTPE,PPKPKDTLMISRTPE,,1,handcrafted_no_fs,0.04948635
PQPQLPYPQPQLPY + DEAM(Q4),PQPQLPYPQPQLPY,DEAM(Q4),1,handcrafted_no_fs,0.5972974
PQTQQPQQPFPQPQ + DEAM(Q7),PQTQQPQQPFPQPQ,DEAM(Q7),1,handcrafted_no_fs,0.5722312
PSLRTLEDNEERMSRLSKVA,PSLRTLEDNEERMSRLSKVA,,1,handcrafted_no_fs,0.8465434
PSQGKGRGLSLSRFSWGAE,PSQGKGRGLSLSRFSWGAE,,1,handcrafted_no_fs,0.8688999
PSTVKAGELEKIISRCQVCM,PSTVKAGELEKIISRCQVCM,,1,handcrafted_no_fs,0.80723387
PYAVAFQPLLAYAY,PYAVAFQPLLAYAY,,1,handcrafted_no_fs,0.598254
PYNSILTTHTTLEHS,PYNSILTTHTTLEHS,,1,handcrafted_no_fs,0.59811866
QAVLLPKKTESQKTK,QAVLLPKKTESQKTK,,1,handcrafted_no_fs,0.28937295
QFGSGWAWLSAAAGG,QFGSGWAWLSAAAGG,,1,handcrafted_no_fs,0.34938616
QFGVGFYSAYLVAEK,QFGVGFYSAYLVAEK,,1,handcrafted_no_fs,0.3377293
QGNVFSCSVMHEALH,QGNVFSCSVMHEALH,,1,handcrafted_no_fs,0.53754735
"QGQYELRVDLRDHGE + CITR(R7, R11)",QGQYELRVDLRDHGE,"CITR(R7, R11)",1,handcrafted_no_fs,0.25061274
QIWIDHCSLSKS,QIWIDHCSLSKS,,1,handcrafted_no_fs,0.85402924
QLLDRGATALVLQVLNVPRLMTQD,QLLDRGATALVLQVLNVPRLMTQD,,1,handcrafted_no_fs,0.71215427
QLQPFPQPELPYPQPQS + DEAM(Q9),QLQPFPQPELPYPQPQS,DEAM(Q9),1,handcrafted_no_fs,0.57838106
QMTFLRLLSASAHQN,QMTFLRLLSASAHQN,,1,handcrafted_no_fs,0.62872356
QNLSLADVTEEAGL,QNLSLADVTEEAGL,,1,handcrafted_no_fs,0.65401864
QPLALEGSLQKRGIVEQ,QPLALEGSLQKRGIVEQ,,1,handcrafted_no_fs,0.9216596
QQPQDAVQPF,QQPQDAVQPF,,1,handcrafted_no_fs,0.71971154
QRAALLAGCTLLQQGHRGMQ,QRAALLAGCTLLQQGHRGMQ,,1,handcrafted_no_fs,0.72015864
QRFLPNPAGVQL,QRFLPNPAGVQL,,1,handcrafted_no_fs,0.6176151
QRPGFGYGGRASDYKSAHK,QRPGFGYGGRASDYKSAHK,,1,handcrafted_no_fs,0.68750274
QSKILKVIRKNLVKK,QSKILKVIRKNLVKK,,1,handcrafted_no_fs,0.5066024
QSPAILSVSPGERVS,QSPAILSVSPGERVS,,1,handcrafted_no_fs,0.48907873
RALPVVLENARILKNCV,RALPVVLENARILKNCV,,1,handcrafted_no_fs,0.7484895
RAVCMLSNTTAIAEA,RAVCMLSNTTAIAEA,,1,handcrafted_no_fs,0.502403
RAVESYLLAHSDAYN,RAVESYLLAHSDAYN,,1,handcrafted_no_fs,0.4550979
RDYVSELPTEVQKLKEKCDG,RDYVSELPTEVQKLKEKCDG,,1,handcrafted_no_fs,0.7969829
RFGISNYCQIYPPNV,RFGISNYCQIYPPNV,,1,handcrafted_no_fs,0.29598674
RGPVNYHFSNYMNLD,RGPVNYHFSNYMNLD,,1,handcrafted_no_fs,0.42179406
RIHMVYSKRSGKPRGYAFIEY,RIHMVYSKRSGKPRGYAFIEY,,1,handcrafted_no_fs,0.75985515
RILKNCVDAKMTEEDKE,RILKNCVDAKMTEEDKE,,1,handcrafted_no_fs,0.74327165
RLIGQIVSSITASLR,RLIGQIVSSITASLR,,1,handcrafted_no_fs,0.71128505
RPFERDISNVPFS,RPFERDISNVPFS,,1,handcrafted_no_fs,0.53593403
RQIFGDYKTTCGKGLSATVTGGQKGRGSRGQ,RQIFGDYKTTCGKGLSATVTGGQKGRGSRGQ,,1,handcrafted_no_fs,0.7758818
RQIRMAKLLGRDPEQS,RQIRMAKLLGRDPEQS,,1,handcrafted_no_fs,0.8006778
RRILEAKQKGFV,RRILEAKQKGFV,,1,handcrafted_no_fs,0.9290138
RSRNEALRVKKKMEGDLN,RSRNEALRVKKKMEGDLN,,1,handcrafted_no_fs,0.8103738
RVLDGLVMTTISSSKDC,RVLDGLVMTTISSSKDC,,1,handcrafted_no_fs,0.63935214
RWGTYAIGGSSA,RWGTYAIGGSSA,,1,handcrafted_no_fs,0.4331338
RYMGKGVSKAVEHIN,RYMGKGVSKAVEHIN,,1,handcrafted_no_fs,0.5401222
RYMGKGVSKAVEHIN + CITR(R1),RYMGKGVSKAVEHIN,CITR(R1),1,handcrafted_no_fs,0.50954026
SAGMIPAEPGEA,SAGMIPAEPGEA,,1,handcrafted_no_fs,0.6072611
SASIGTLCADARMYGVLPWNAFFGKVCGSNLL,SASIGTLCADARMYGVLPWNAFFGKVCGSNLL,,1,handcrafted_no_fs,0.89523435
SAVPVYIYFNTWTTCQSIAAPCKTSASIGTLC,SAVPVYIYFNTWTTCQSIAAPCKTSASIGTLC,,1,handcrafted_no_fs,0.599073
SDKTIDGRGVKV,SDKTIDGRGVKV,,1,handcrafted_no_fs,0.630749
SDPVLTPVQSAG,SDPVLTPVQSAG,,1,handcrafted_no_fs,0.75778055
SEHIWCEDFLVRSFYLKNVQ,SEHIWCEDFLVRSFYLKNVQ,,1,handcrafted_no_fs,0.79447436
SELLRYYTSASGDEM,SELLRYYTSASGDEM,,1,handcrafted_no_fs,0.42536554
SFLLDILGATGSDSLTLV,SFLLDILGATGSDSLTLV,,1,handcrafted_no_fs,0.73359364
SFYLKNVQTQETRTLTQFHF,SFYLKNVQTQETRTLTQFHF,,1,handcrafted_no_fs,0.7905503
SGPFFTFSSSFPGHS,SGPFFTFSSSFPGHS,,1,handcrafted_no_fs,0.5417495
SHLVEALYLVCGEEG,SHLVEALYLVCGEEG,,1,handcrafted_no_fs,0.47586384
SHLVEALYLVCGERG,SHLVEALYLVCGERG,,1,handcrafted_no_fs,0.8583846
SHLVEALYLVCGGEG,SHLVEALYLVCGGEG,,1,handcrafted_no_fs,0.5825513
SILKISNKYHTK,SILKISNKYHTK,,1,handcrafted_no_fs,0.71705043
SKIFKLGGRDSRSGSPMARR,SKIFKLGGRDSRSGSPMARR,,1,handcrafted_no_fs,0.7508279
SKLFQIPLELYLPAS,SKLFQIPLELYLPAS,,1,handcrafted_no_fs,0.8439231
SLPQKSHGRTQDENPVVHF,SLPQKSHGRTQDENPVVHF,,1,handcrafted_no_fs,0.7527452
SLQPLALEGSLQSRG,SLQPLALEGSLQSRG,,1,handcrafted_no_fs,0.6539725
SLSYEPALLEPYLFHEFGS,SLSYEPALLEPYLFHEFGS,,1,handcrafted_no_fs,0.672957
SNVGVCSRVGVARLWFRVCQ,SNVGVCSRVGVARLWFRVCQ,,1,handcrafted_no_fs,0.62108606
SPATWTTRGFVFTRHSQTTA,SPATWTTRGFVFTRHSQTTA,,1,handcrafted_no_fs,0.7115865
SPPRVVTAATAPVGSPTAAA,SPPRVVTAATAPVGSPTAAA,,1,handcrafted_no_fs,0.22385593
SPSLWEIEFAKQLASV,SPSLWEIEFAKQLASV,,1,handcrafted_no_fs,0.78664166
SPSLWEIEIAKQLASV,SPSLWEIEIAKQLASV,,1,handcrafted_no_fs,0.83256865
SRVLDGLVMTTISSSK,SRVLDGLVMTTISSSK,,1,handcrafted_no_fs,0.6563062
SSLGRAGLTYEQYFG,SSLGRAGLTYEQYFG,,1,handcrafted_no_fs,0.3844407
SVFLFPPKPKDTLMI,SVFLFPPKPKDTLMI,,1,handcrafted_no_fs,0.16962323
SVKDLVILLYETALL,SVKDLVILLYETALL,,1,handcrafted_no_fs,0.68752897
SVLTVLHQDWLNGKE,SVLTVLHQDWLNGKE,,1,handcrafted_no_fs,0.30704033
SVVTVPSSSLGTQTY,SVVTVPSSSLGTQTY,,1,handcrafted_no_fs,0.4293987
SWFITQRNFFSPQII,SWFITQRNFFSPQII,,1,handcrafted_no_fs,0.70135087
SYGLGFFEYFQLSED,SYGLGFFEYFQLSED,,1,handcrafted_no_fs,0.5285601
SYLVSFFGRANYILM,SYLVSFFGRANYILM,,1,handcrafted_no_fs,0.7020478
SYNMHWVKQTPGRGL,SYNMHWVKQTPGRGL,,1,handcrafted_no_fs,0.3528449
TAALGCLVKDYFPEP,TAALGCLVKDYFPEP,,1,handcrafted_no_fs,0.59700537
TAGFEPVVIENVLEGDELRT,TAGFEPVVIENVLEGDELRT,,1,handcrafted_no_fs,0.7107621
TAHFTTSIPLKGNVRNLS,TAHFTTSIPLKGNVRNLS,,1,handcrafted_no_fs,0.56242394
TAMKKIQDCYVENGLI,TAMKKIQDCYVENGLI,,1,handcrafted_no_fs,0.9063178
TDTGEPMGRGTKVIL,TDTGEPMGRGTKVIL,,1,handcrafted_no_fs,0.31196016
TEHAKRKTVTAMDVV,TEHAKRKTVTAMDVV,,1,handcrafted_no_fs,0.37508875
TFPAVLQSSGLYSLS,TFPAVLQSSGLYSLS,,1,handcrafted_no_fs,0.86434996
TGLEILETGVGEREEAAA,TGLEILETGVGEREEAAA,,1,handcrafted_no_fs,0.57613355
TIDGRGVKVEII,TIDGRGVKVEII,,1,handcrafted_no_fs,0.7790293
TLDLNTPVDKTSN,TLDLNTPVDKTSN,,1,handcrafted_no_fs,0.6409147
TLLRAVESYLLAHSD,TLLRAVESYLLAHSD,,1,handcrafted_no_fs,0.6548859
TLVVNRLRGSLKICAVKAPG,TLVVNRLRGSLKICAVKAPG,,1,handcrafted_no_fs,0.7020276
TLYILNVSAVYFEQR,TLYILNVSAVYFEQR,,1,handcrafted_no_fs,0.6655032
TPPVLDSDGSFFLYS,TPPVLDSDGSFFLYS,,1,handcrafted_no_fs,0.48626015
TPSYVAFTDTERLIG,TPSYVAFTDTERLIG,,1,handcrafted_no_fs,0.35380074
TREGREDDLLWCATTSRYER,TREGREDDLLWCATTSRYER,,1,handcrafted_no_fs,0.81548935
TRREAEDLQVGQVELG,TRREAEDLQVGQVELG,,1,handcrafted_no_fs,0.9680131
TRREAEDLQVGQVELG + DEAM(Q12),TRREAEDLQVGQVELG,DEAM(Q12),1,handcrafted_no_fs,0.8222689
"TRREAEDLQVGQVELG + DEAM(Q9, Q12)",TRREAEDLQVGQVELG,"DEAM(Q9, Q12)",1,handcrafted_no_fs,0.8222689
TSAGSEGTGQALASPGSCLE,TSAGSEGTGQALASPGSCLE,,1,handcrafted_no_fs,0.6842711
TSGSDPVLTPVQ,TSGSDPVLTPVQ,,1,handcrafted_no_fs,0.55826664
TSKGLFRAAVPSGAS,TSKGLFRAAVPSGAS,,1,handcrafted_no_fs,0.79814786
TSKGLFRAAVPSGAS + CITR(R7),TSKGLFRAAVPSGAS,CITR(R7),1,handcrafted_no_fs,0.59018296
TVPGGGTTYIRAIAALEGLK,TVPGGGTTYIRAIAALEGLK,,1,handcrafted_no_fs,0.85218257
TVTRGTISDPQRAKEALDKY,TVTRGTISDPQRAKEALDKY,,1,handcrafted_no_fs,0.6576151
TYAIGGSSAPTI,TYAIGGSSAPTI,,1,handcrafted_no_fs,0.33933267
TYTEHAKRKTVTAMDVVYALKRQG,TYTEHAKRKTVTAMDVVYALKRQG,,1,handcrafted_no_fs,0.5840744
VAFNMFTDNVDQ,VAFNMFTDNVDQ,,1,handcrafted_no_fs,0.6431136
VDLLVNLLPAILSPGA,VDLLVNLLPAILSPGA,,1,handcrafted_no_fs,0.7839044
VDPMDEPTLLYVLFE,VDPMDEPTLLYVLFE,,1,handcrafted_no_fs,0.3190823
VFTRHSQTTAIPSCPEGTVPL,VFTRHSQTTAIPSCPEGTVPL,,1,handcrafted_no_fs,0.540164
VGATYYFNKNMSTYVDYKIN,VGATYYFNKNMSTYVDYKIN,,1,handcrafted_no_fs,0.72042465
VGGNYNYLYRLFRKSNLKP,VGGNYNYLYRLFRKSNLKP,,1,handcrafted_no_fs,0.6469107
"VGSNTYGKRNAVEVLKREPL + CITR(R73, R81)",VGSNTYGKRNAVEVLKREPL,"CITR(R73, R81)",1,handcrafted_no_fs,0.67187196
VHFFKNIVTPRTP,VHFFKNIVTPRTP,,1,handcrafted_no_fs,0.7154489
VIGMDVAASEFFRSG + CITR(R13),VIGMDVAASEFFRSG,CITR(R13),1,handcrafted_no_fs,0.48943627
VIKGGRHLIFCHSKKKCD,VIKGGRHLIFCHSKKKCD,,1,handcrafted_no_fs,0.7010938
VKMAETCPIFYDVFFAV,VKMAETCPIFYDVFFAV,,1,handcrafted_no_fs,0.63013875
VKMAETCPIFYDVFFAVANG,VKMAETCPIFYDVFFAVANG,,1,handcrafted_no_fs,0.73398834
VLHLSLWGEHILALK,VLHLSLWGEHILALK,,1,handcrafted_no_fs,0.5357121
VLKDAASAAIYGVRAANGVILV,VLKDAASAAIYGVRAANGVILV,,1,handcrafted_no_fs,0.5955416
VLKDASAAAIYGSR,VLKDASAAAIYGSR,,1,handcrafted_no_fs,0.7065506
VLKGPAATALYGSRAANGAIVI,VLKGPAATALYGSRAANGAIVI,,1,handcrafted_no_fs,0.6140623
VLRIVNEPTAAALAY,VLRIVNEPTAAALAY,,1,handcrafted_no_fs,0.35368794
VLVMLVLLILAYRRRWRRLTV,VLVMLVLLILAYRRRWRRLTV,,1,handcrafted_no_fs,0.64638376
VNDVCNFASRNDYSYWLSTPA,VNDVCNFASRNDYSYWLSTPA,,1,handcrafted_no_fs,0.6129044
VPPLRVWRHRARSVRAKLLSQGGRA,VPPLRVWRHRARSVRAKLLSQGGRA,,1,handcrafted_no_fs,0.5571952
VPRLPEQGSSSRAEDSPEG,VPRLPEQGSSSRAEDSPEG,,1,handcrafted_no_fs,0.658163
VPYFVRVQGLLRICALARKAV,VPYFVRVQGLLRICALARKAV,,1,handcrafted_no_fs,0.8882718
VQAYLTLRVLRNALD,VQAYLTLRVLRNALD,,1,handcrafted_no_fs,0.60646033
VRALEEANTELEVKI,VRALEEANTELEVKI,,1,handcrafted_no_fs,0.2766744
"VSLISRRGDMSSNPA + CITR(R6, R7)",VSLISRRGDMSSNPA,"CITR(R6, R7)",1,handcrafted_no_fs,0.46150652
VSQIFPDSVMLAVQE,VSQIFPDSVMLAVQE,,1,handcrafted_no_fs,0.49816722
VTVSWNSGALTSGVH,VTVSWNSGALTSGVH,,1,handcrafted_no_fs,0.2707253
VVIERKKRSLSTNTSDIS,VVIERKKRSLSTNTSDIS,,1,handcrafted_no_fs,0.5594833
WARMILMTHFFSVLIARDQLEQ,WARMILMTHFFSVLIARDQLEQ,,1,handcrafted_no_fs,0.6658064
WASVRFSW,WASVRFSW,,1,handcrafted_no_fs,0.6610117
WGPDPAAA,WGPDPAAA,,1,handcrafted_no_fs,0.58375067
YAYAKWKLCSASAI,YAYAKWKLCSASAI,,1,handcrafted_no_fs,0.61026585
YDYTICGDSEDMVCTPKSDE,YDYTICGDSEDMVCTPKSDE,,1,handcrafted_no_fs,0.67691725
YEGERAMTKDNNLLG,YEGERAMTKDNNLLG,,1,handcrafted_no_fs,0.28990927
YFPEPVTVSWNSGAL,YFPEPVTVSWNSGAL,,1,handcrafted_no_fs,0.28084728
YFSKNYQDYEYLINVIHAFQYVIYGTASFFFL,YFSKNYQDYEYLINVIHAFQYVIYGTASFFFL,,1,handcrafted_no_fs,0.8203008
YFVGKMYFNLID,YFVGKMYFNLID,,1,handcrafted_no_fs,0.73345804
YGAFDPLLAVADICKKYKIW,YGAFDPLLAVADICKKYKIW,,1,handcrafted_no_fs,0.7822379
YGNRTYKIINANMTWYAAIK,YGNRTYKIINANMTWYAAIK,,1,handcrafted_no_fs,0.63954246
YIALIAMAIRDSAGGRLTLAE,YIALIAMAIRDSAGGRLTLAE,,1,handcrafted_no_fs,0.7153027
YLLFCMENSAE,YLLFCMENSAE,,1,handcrafted_no_fs,0.87963784
YLTSVISSEMSANAS,YLTSVISSEMSANAS,,1,handcrafted_no_fs,0.64786446
YLYQLSPPITWPL,YLYQLSPPITWPL,,1,handcrafted_no_fs,0.65143347
YPNELLQEYNWELADQPQNL,YPNELLQEYNWELADQPQNL,,1,handcrafted_no_fs,0.712237
YQSKYLLSLVLRRDG,YQSKYLLSLVLRRDG,,1,handcrafted_no_fs,0.8234606
YRILRDPAGWLAMDPDSG,YRILRDPAGWLAMDPDSG,,1,handcrafted_no_fs,0.64408064
YSNKEIFLRELISNS,YSNKEIFLRELISNS,,1,handcrafted_no_fs,0.5388057
YVVKSFDRSTKVIDFHYPNE,YVVKSFDRSTKVIDFHYPNE,,1,handcrafted_no_fs,0.6644062
AAAGAEAGKATTEEQ,AAAGAEAGKATTEEQ,,0,handcrafted_no_fs,0.170327
AAASVPAADKFKTFE,AAASVPAADKFKTFE,,0,handcrafted_no_fs,0.021091785
AAATATATAAVGAAT,AAATATATAAVGAAT,,0,handcrafted_no_fs,0.13127546
AADHAAPEDKYEAFV,AADHAAPEDKYEAFV,,0,handcrafted_no_fs,0.23830324
AAESSSKAALTSKLD,AAESSSKAALTSKLD,,0,handcrafted_no_fs,0.12880611
AAFTSSSKAATAKAP,AAFTSSSKAATAKAP,,0,handcrafted_no_fs,0.13422342
AAGAATTAAGAASGA,AAGAATTAAGAASGA,,0,handcrafted_no_fs,0.18879579
AAGVPPADKYRTFVA,AAGVPPADKYRTFVA,,0,handcrafted_no_fs,0.032221626
AAKEDFLGCLVKEIP,AAKEDFLGCLVKEIP,,0,handcrafted_no_fs,0.067740604
AAKPAAAATATATAA,AAKPAAAATATATAA,,0,handcrafted_no_fs,0.032757334
AALAAAAGVPPADKY,AALAAAAGVPPADKY,,0,handcrafted_no_fs,0.25618652
AAPAAGYTPATPAAP,AAPAAGYTPATPAAP,,0,handcrafted_no_fs,0.15181714
AAPGAGYTPATPAAP,AAPGAGYTPATPAAP,,0,handcrafted_no_fs,0.013487511
AAPLSWSKDIYNYME,AAPLSWSKDIYNYME,,0,handcrafted_no_fs,0.42128575
AASGAATVAAGGYKV,AASGAATVAAGGYKV,,0,handcrafted_no_fs,0.12566583
AASGADGTYDITKLG,AASGADGTYDITKLG,,0,handcrafted_no_fs,0.1145265
AATGAATAATGGYKV,AATGAATAATGGYKV,,0,handcrafted_no_fs,0.027132906
AAVGATPEAKFDSFV,AAVGATPEAKFDSFV,,0,handcrafted_no_fs,0.16598803
AAYKLAYKTAEGATP,AAYKLAYKTAEGATP,,0,handcrafted_no_fs,0.24092883
ADAGYAPATPAAAGA,ADAGYAPATPAAAGA,,0,handcrafted_no_fs,0.04637961
ADDLEGEFTEETIRN,ADDLEGEFTEETIRN,,0,handcrafted_no_fs,0.27197173
ADGVFRRRRKRLSHR,ADGVFRRRRKRLSHR,,0,handcrafted_no_fs,0.48144382
ADLGYGPATPAAPAA,ADLGYGPATPAAPAA,,0,handcrafted_no_fs,0.020917993
AEDVIPEGWKADTSY,AEDVIPEGWKADTSY,,0,handcrafted_no_fs,0.1807987
AEEVKVIPAGELQVI,AEEVKVIPAGELQVI,,0,handcrafted_no_fs,0.22987178
AEGGKATTEEQKLIE,AEGGKATTEEQKLIE,,0,handcrafted_no_fs,0.080216475
AEGLSGEPKGAAESS,AEGLSGEPKGAAESS,,0,handcrafted_no_fs,0.22832192
AEIVMAIDSVHRLGYVHRDI,AEIVMAIDSVHRLGYVHRDI,,0,handcrafted_no_fs,0.7124165
AEVELRQHGSEEWEP,AEVELRQHGSEEWEP,,0,handcrafted_no_fs,0.16675949
AFALVLLFCALASSC,AFALVLLFCALASSC,,0,handcrafted_no_fs,0.1863489
AGAEPAGKATTEEQK,AGAEPAGKATTEEQK,,0,handcrafted_no_fs,0.15504608
AGALEVHAVKPVTEE,AGALEVHAVKPVTEE,,0,handcrafted_no_fs,0.049364492
AGDGDVVAVDIKEKG,AGDGDVVAVDIKEKG,,0,handcrafted_no_fs,0.083745986
AGIMIFDPYGATISA,AGIMIFDPYGATISA,,0,handcrafted_no_fs,0.3098075
AGKATTEEQKLIEKI,AGKATTEEQKLIEKI,,0,handcrafted_no_fs,0.053250324
AGSLQPLALEGSLQKRG,AGSLQPLALEGSLQKRG,,0,handcrafted_no_fs,0.7585297
AGSYAADLGYGPATP,AGSYAADLGYGPATP,,0,handcrafted_no_fs,0.12712589
AHGIPKVPPGPNITA,AHGIPKVPPGPNITA,,0,handcrafted_no_fs,0.19726188
AHLYCPLRLPAALQA,AHLYCPLRLPAALQA,,0,handcrafted_no_fs,0.43865818
AIAVHSQTTDIPPCPHGWIS,AIAVHSQTTDIPPCPHGWIS,,0,handcrafted_no_fs,0.62612027
AIKAGTGGAYESYKF,AIKAGTGGAYESYKF,,0,handcrafted_no_fs,0.138942
AIPKVPPGPNITATY,AIPKVPPGPNITATY,,0,handcrafted_no_fs,0.32138208
AITAMSEAQKAAKPA,AITAMSEAQKAAKPA,,0,handcrafted_no_fs,0.15283518
AKDVIPEGWKADTAY,AKDVIPEGWKADTAY,,0,handcrafted_no_fs,0.011651852
AKPDGKTDCTKEVEE,AKPDGKTDCTKEVEE,,0,handcrafted_no_fs,0.09975761
AKSSPAYPSVLGQTI,AKSSPAYPSVLGQTI,,0,handcrafted_no_fs,0.24536979
AKYELFGHAVSENGASVED,AKYELFGHAVSENGASVED,,0,handcrafted_no_fs,0.7525921
ALEDDLLNRNNSFKP,ALEDDLLNRNNSFKP,,0,handcrafted_no_fs,0.2949741
ALHIIAGTPEVHAVK,ALHIIAGTPEVHAVK,,0,handcrafted_no_fs,0.04557858
ALKESWGAIWRIDTP,ALKESWGAIWRIDTP,,0,handcrafted_no_fs,0.3679267
ALMPMNMAPITGRALEPYIS,ALMPMNMAPITGRALEPYIS,,0,handcrafted_no_fs,0.6712146
ALQIPFAMQMAYRFN,ALQIPFAMQMAYRFN,,0,handcrafted_no_fs,0.4602538
ALREKVLGLPAIKAW,ALREKVLGLPAIKAW,,0,handcrafted_no_fs,0.23651987
ALRIIAGTPEVHAVK,ALRIIAGTPEVHAVK,,0,handcrafted_no_fs,0.13452496
ALRVIAGALEVHAVK,ALRVIAGALEVHAVK,,0,handcrafted_no_fs,0.29071176
ALSYYPTPLAKEDFL,ALSYYPTPLAKEDFL,,0,handcrafted_no_fs,0.33236754
ALTKAITAMSEVQKV,ALTKAITAMSEVQKV,,0,handcrafted_no_fs,0.05798637
ALYRGSAIVPVAADR,ALYRGSAIVPVAADR,,0,handcrafted_no_fs,0.20608772
ANGKLHDKKSMGDDH,ANGKLHDKKSMGDDH,,0,handcrafted_no_fs,0.25084242
ANWIEIMRIKKLTIT,ANWIEIMRIKKLTIT,,0,handcrafted_no_fs,0.5652373
APATPAAAGAEAGKA,APATPAAAGAEAGKA,,0,handcrafted_no_fs,0.122449234
APEDKYEAFVLHFSE,APEDKYEAFVLHFSE,,0,handcrafted_no_fs,0.14664678
APEVKYTVFETALKK,APEVKYTVFETALKK,,0,handcrafted_no_fs,0.054537944
APGAAAAPLSWSKDI,APGAAAAPLSWSKDI,,0,handcrafted_no_fs,0.15010771
APGDSPNTDGIHIGD,APGDSPNTDGIHIGD,,0,handcrafted_no_fs,0.030201085
APPPQLPRPPATPPP,APPPQLPRPPATPPP,,0,handcrafted_no_fs,0.30184734
APQLPDDLMIRVIAQ,APQLPDDLMIRVIAQ,,0,handcrafted_no_fs,0.34105572
APTGATTAAAGGYKV,APTGATTAAAGGYKV,,0,handcrafted_no_fs,0.22677416
APTGMFVAAAKYMVI,APTGMFVAAAKYMVI,,0,handcrafted_no_fs,0.19000618
APTGMFVAGAKYMVI,APTGMFVAGAKYMVI,,0,handcrafted_no_fs,0.10121965
AQGPKATFEAMYLGT,AQGPKATFEAMYLGT,,0,handcrafted_no_fs,0.12375078
AQNILLSNAPLGPQFP,AQNILLSNAPLGPQFP,,0,handcrafted_no_fs,0.78237706
ARILRITAAAGTELA,ARILRITAAAGTELA,,0,handcrafted_no_fs,0.29592952
ARVTVKDVTFRNITG,ARVTVKDVTFRNITG,,0,handcrafted_no_fs,0.40793478
ASAAIFGHDGTVWAQ,ASAAIFGHDGTVWAQ,,0,handcrafted_no_fs,0.3268738
ASAAILGHDGTVWAQ,ASAAILGHDGTVWAQ,,0,handcrafted_no_fs,0.19120237
ASEGAVDIINRWQVV,ASEGAVDIINRWQVV,,0,handcrafted_no_fs,0.30087122
ASLTEALRVIAGALE,ASLTEALRVIAGALE,,0,handcrafted_no_fs,0.24378255
ASQLLDDGNGENYVD,ASQLLDDGNGENYVD,,0,handcrafted_no_fs,0.27986264
ASTGGAYESYKFIPA,ASTGGAYESYKFIPA,,0,handcrafted_no_fs,0.1687023
ATAANAAPANDKFTV,ATAANAAPANDKFTV,,0,handcrafted_no_fs,0.18264326
ATATATSAVGAPTGA,ATATATSAVGAPTGA,,0,handcrafted_no_fs,0.23188134
ATFEAMYLGTCKTLT,ATFEAMYLGTCKTLT,,0,handcrafted_no_fs,0.2052589
ATISATPESATPFPH,ATISATPESATPFPH,,0,handcrafted_no_fs,0.2669932
ATPEAKYDAYVATLS,ATPEAKYDAYVATLS,,0,handcrafted_no_fs,0.2729401
ATPPPPPPPQLGASP,ATPPPPPPPQLGASP,,0,handcrafted_no_fs,0.038067576
ATRFASVYAWNRKRI,ATRFASVYAWNRKRI,,0,handcrafted_no_fs,0.62426364
ATSPTAEGGKATTEE,ATSPTAEGGKATTEE,,0,handcrafted_no_fs,0.23595484
ATTANVPPADKYKTF,ATTANVPPADKYKTF,,0,handcrafted_no_fs,0.019644693
ATTEEQKLIEDINAS,ATTEEQKLIEDINAS,,0,handcrafted_no_fs,0.11188767
ATTEEQKLIEDVNAS,ATTEEQKLIEDVNAS,,0,handcrafted_no_fs,0.06583408
ATVATAPEVKYTVFE,ATVATAPEVKYTVFE,,0,handcrafted_no_fs,0.026283879
AVFEAALTKAITAMS,AVFEAALTKAITAMS,,0,handcrafted_no_fs,0.27429911
AVIRGKKGAGGITIK,AVIRGKKGAGGITIK,,0,handcrafted_no_fs,0.096250646
AVKPAAEEVKVIPAG,AVKPAAEEVKVIPAG,,0,handcrafted_no_fs,0.018758478
AVQVTFTVQKGSDPK,AVQVTFTVQKGSDPK,,0,handcrafted_no_fs,0.039005946
AVVCGRRHGVRIRVR,AVVCGRRHGVRIRVR,,0,handcrafted_no_fs,0.25895205
AVVFNFLNSMLALMAIFI,AVVFNFLNSMLALMAIFI,,0,handcrafted_no_fs,0.6192939
AVWGKNSCAKNYNCK,AVWGKNSCAKNYNCK,,0,handcrafted_no_fs,0.1678356
AVWVDGKARTAWVDS,AVWVDGKARTAWVDS,,0,handcrafted_no_fs,0.24307957
AWASACGGTGKNTIV,AWASACGGTGKNTIV,,0,handcrafted_no_fs,0.21879858
AWVDSGAQLGELYYA,AWVDSGAQLGELYYA,,0,handcrafted_no_fs,0.12421783
AYESYKFIPALEAAV,AYESYKFIPALEAAV,,0,handcrafted_no_fs,0.2715775
AYGIPKVPPGPNITA,AYGIPKVPPGPNITA,,0,handcrafted_no_fs,0.024840163
AYKTAEGATPEAKYD,AYKTAEGATPEAKYD,,0,handcrafted_no_fs,0.099292375
AYPSVLGQTIRNSRW,AYPSVLGQTIRNSRW,,0,handcrafted_no_fs,0.6165947
AYRVTKDAQLSAPTK,AYRVTKDAQLSAPTK,,0,handcrafted_no_fs,0.05405326
AYVATVSEALRIIAG,AYVATVSEALRIIAG,,0,handcrafted_no_fs,0.2131492
CDDALIEGITLLNAK,CDDALIEGITLLNAK,,0,handcrafted_no_fs,0.49407336
CGGTGKNTIVIPKGD,CGGTGKNTIVIPKGD,,0,handcrafted_no_fs,0.020499418
CGRRHSVRIRVRSGG,CGRRHSVRIRVRSGG,,0,handcrafted_no_fs,0.35579553
CIPSLEAAVKQAYAA,CIPSLEAAVKQAYAA,,0,handcrafted_no_fs,0.24435055
CKTLTPLMSSKFPEL,CKTLTPLMSSKFPEL,,0,handcrafted_no_fs,0.19408226
CNANPGLMKDVAKVF,CNANPGLMKDVAKVF,,0,handcrafted_no_fs,0.10184925
CSGEPVVVHITDDNE,CSGEPVVVHITDDNE,,0,handcrafted_no_fs,0.23003925
CTNAKVTAKGVSEAN,CTNAKVTAKGVSEAN,,0,handcrafted_no_fs,0.040223066
CVPKVTFTVEKGSNE,CVPKVTFTVEKGSNE,,0,handcrafted_no_fs,0.1147556
DAGTIAGLNVMRIINEPTAA,DAGTIAGLNVMRIINEPTAA,,0,handcrafted_no_fs,0.53277224
DCISIGPGSTGLNIT,DCISIGPGSTGLNIT,,0,handcrafted_no_fs,0.15579927
DDLMIRVIAQGPTAT,DDLMIRVIAQGPTAT,,0,handcrafted_no_fs,0.30879593
DFNEFISFCNANPGL,DFNEFISFCNANPGL,,0,handcrafted_no_fs,0.30630156
DGQGKAVWGKNSCAK,DGQGKAVWGKNSCAK,,0,handcrafted_no_fs,0.03559465
DGTYDITKLGAKPDG,DGTYDITKLGAKPDG,,0,handcrafted_no_fs,0.027476469
DGWRLDVADELPDDF,DGWRLDVADELPDDF,,0,handcrafted_no_fs,0.30431145
DGYLTIQAVRSHSND,DGYLTIQAVRSHSND,,0,handcrafted_no_fs,0.71091276
DIDLGRNEVVNDVST,DIDLGRNEVVNDVST,,0,handcrafted_no_fs,0.1132558
DINASFRAAMATTAN,DINASFRAAMATTAN,,0,handcrafted_no_fs,0.433008
DITVKNCVLKKSTNG,DITVKNCVLKKSTNG,,0,handcrafted_no_fs,0.26497078
DKGPGFVVTGRVYCD,DKGPGFVVTGRVYCD,,0,handcrafted_no_fs,0.044263195
DKLTGPFTVRYTTEG,DKLTGPFTVRYTTEG,,0,handcrafted_no_fs,0.042693324
DLGRNEVVNDVSTFS,DLGRNEVVNDVSTFS,,0,handcrafted_no_fs,0.4334896
DLGYAPATPAAPGAG,DLGYAPATPAAPGAG,,0,handcrafted_no_fs,0.25047043
DMGIKGDRGEIGPPG,DMGIKGDRGEIGPPG,,0,handcrafted_no_fs,0.33873597
DPSRPWGKDNYWMLNPNSEY,DPSRPWGKDNYWMLNPNSEY,,0,handcrafted_no_fs,0.62696046
DPYYDPTSSPSEIGP,DPYYDPTSSPSEIGP,,0,handcrafted_no_fs,0.20967406
DSEEPLQGPFNFRFL,DSEEPLQGPFNFRFL,,0,handcrafted_no_fs,0.4202513
DSVMNYDAFMEPLTW,DSVMNYDAFMEPLTW,,0,handcrafted_no_fs,0.41827428
DVNASFRAAMATTAN,DVNASFRAAMATTAN,,0,handcrafted_no_fs,0.09084056
DVTITAPGDSPNTDG,DVTITAPGDSPNTDG,,0,handcrafted_no_fs,0.12825665
DVVPEKYTIGATYAP,DVVPEKYTIGATYAP,,0,handcrafted_no_fs,0.026660616
DYSNTHSTRYV,DYSNTHSTRYV,,0,handcrafted_no_fs,0.82424563
DYYNLAASSGTIALA,DYYNLAASSGTIALA,,0,handcrafted_no_fs,0.4320685
EAAFNKAIKESTGGA,EAAFNKAIKESTGGA,,0,handcrafted_no_fs,0.03595684
EAAFTVSSKRNLADA,EAAFTVSSKRNLADA,,0,handcrafted_no_fs,0.5017711
EAAVKQAYAATVAAA,EAAVKQAYAATVAAA,,0,handcrafted_no_fs,0.03587568
EAGKATTEEQKLIED,EAGKATTEEQKLIED,,0,handcrafted_no_fs,0.049657825
EAKYDAYVATVSEAL,EAKYDAYVATVSEAL,,0,handcrafted_no_fs,0.57583845
EATTDGLGWYKIEID,EATTDGLGWYKIEID,,0,handcrafted_no_fs,0.25295347
EAVSLLCSDKQPCNG,EAVSLLCSDKQPCNG,,0,handcrafted_no_fs,0.3096549
ECGGILQAYDLRDAP,ECGGILQAYDLRDAP,,0,handcrafted_no_fs,0.26093102
ECQDVLDCADPVTPP,ECQDVLDCADPVTPP,,0,handcrafted_no_fs,0.17037705
EDDLLNRNNTFKPFA,EDDLLNRNNTFKPFA,,0,handcrafted_no_fs,0.22723718
EDVFVHQTAIKKNNPRK,EDVFVHQTAIKKNNPRK,,0,handcrafted_no_fs,0.7730488
EDVGYPIIIDQKYCP,EDVGYPIIIDQKYCP,,0,handcrafted_no_fs,0.19045545
EEQEDEIIGFGQELKNPQEE,EEQEDEIIGFGQELKNPQEE,,0,handcrafted_no_fs,0.7506138
EEWEPLTKKGNVWEV,EEWEPLTKKGNVWEV,,0,handcrafted_no_fs,0.2060329
EFRASPFLECHGRGTCNYYS,EFRASPFLECHGRGTCNYYS,,0,handcrafted_no_fs,0.9107712
EGATPEAKYDAYVAT,EGATPEAKYDAYVAT,,0,handcrafted_no_fs,0.1611457
EGHHLASAAIFGHDG,EGHHLASAAIFGHDG,,0,handcrafted_no_fs,0.2937389
EGHHLASAAILGHDG,EGHHLASAAILGHDG,,0,handcrafted_no_fs,0.31690297
EGTKVTFHVEKGSNP,EGTKVTFHVEKGSNP,,0,handcrafted_no_fs,0.11739748
EHGSDEWVAMTKGEG,EHGSDEWVAMTKGEG,,0,handcrafted_no_fs,0.03031052
EICEVVLAKSPDTTC,EICEVVLAKSPDTTC,,0,handcrafted_no_fs,0.31587628
EIDTDGDGFIDFNEF,EIDTDGDGFIDFNEF,,0,handcrafted_no_fs,0.21855669
EITGIMKDFDEPGHL,EITGIMKDFDEPGHL,,0,handcrafted_no_fs,0.18931684
EITGIMKDLDEPGHL,EITGIMKDLDEPGHL,,0,handcrafted_no_fs,0.08335006
EKDVTDITVKNCVLK,EKDVTDITVKNCVLK,,0,handcrafted_no_fs,0.06633377
ELKESWGAIWRIDTP,ELKESWGAIWRIDTP,,0,handcrafted_no_fs,0.35838595
ELQVIEKVDAAFKVA,ELQVIEKVDAAFKVA,,0,handcrafted_no_fs,0.17723215
ELYYAIHKASTVLAF,ELYYAIHKASTVLAF,,0,handcrafted_no_fs,0.56984025
ELYYAIYKASPTLAF,ELYYAIYKASPTLAF,,0,handcrafted_no_fs,0.5371202
ENVIDVKLVDANGKL,ENVIDVKLVDANGKL,,0,handcrafted_no_fs,0.14473398
ENVKMEDVGYPIIID,ENVKMEDVGYPIIID,,0,handcrafted_no_fs,0.19622701
EPFPKRVWEQIFSTW,EPFPKRVWEQIFSTW,,0,handcrafted_no_fs,0.3525607
EPGHLAPTGMFVAAA,EPGHLAPTGMFVAAA,,0,handcrafted_no_fs,0.32833052
EPGHLAPTGMFVAGA,EPGHLAPTGMFVAGA,,0,handcrafted_no_fs,0.24637944
EPIAAYHFDLSGIAF,EPIAAYHFDLSGIAF,,0,handcrafted_no_fs,0.45071933
EPIAPYHFDLSGHAF,EPIAPYHFDLSGHAF,,0,handcrafted_no_fs,0.11146014
ERIFKRFDTNGDGKI,ERIFKRFDTNGDGKI,,0,handcrafted_no_fs,0.23129319
EVELREHGSDEWVAM,EVELREHGSDEWVAM,,0,handcrafted_no_fs,0.32831532
EVIPTAFKIGKTYTP,EVIPTAFKIGKTYTP,,0,handcrafted_no_fs,0.1397875
EVIPTAFSIGKTYKP,EVIPTAFSIGKTYKP,,0,handcrafted_no_fs,0.27328488
EVKEKGMAALPRLIAFTSEH,EVKEKGMAALPRLIAFTSEH,,0,handcrafted_no_fs,0.68527514
EVLKGPFTVRYTTEG,EVLKGPFTVRYTTEG,,0,handcrafted_no_fs,0.18260862
EVQKVSQPATGAATV,EVQKVSQPATGAATV,,0,handcrafted_no_fs,0.081019536
EVVNDVSTFSSGLVW,EVVNDVSTFSSGLVW,,0,handcrafted_no_fs,0.6940237
EWATPFPHRKGVLFN,EWATPFPHRKGVLFN,,0,handcrafted_no_fs,0.35558996
EWVAMTKGEGGVWTF,EWVAMTKGEGGVWTF,,0,handcrafted_no_fs,0.058909345
EYKSDYVYEPFPKEV,EYKSDYVYEPFPKEV,,0,handcrafted_no_fs,0.18054363
FAGAWCVPKVTFTVE,FAGAWCVPKVTFTVE,,0,handcrafted_no_fs,0.116625585
FAVVDLNKMRAVWVD,FAVVDLNKMRAVWVD,,0,handcrafted_no_fs,0.37820143
FDLFLFSNGAVVWWG,FDLFLFSNGAVVWWG,,0,handcrafted_no_fs,0.46213534
FDPYGATISATPESA,FDPYGATISATPESA,,0,handcrafted_no_fs,0.17754945
FDSFVASLTEALRVI,FDSFVASLTEALRVI,,0,handcrafted_no_fs,0.72728395
FEAAFNDAIKASTGG,FEAAFNDAIKASTGG,,0,handcrafted_no_fs,0.21464367
FEAMYLGTCQTLTPM,FEAMYLGTCQTLTPM,,0,handcrafted_no_fs,0.55076665
FEIKCTKPEACSGEP,FEIKCTKPEACSGEP,,0,handcrafted_no_fs,0.039081495
FERLAITKGKVDPTD,FERLAITKGKVDPTD,,0,handcrafted_no_fs,0.11671146
FETNVSHNVQGATVA,FETNVSHNVQGATVA,,0,handcrafted_no_fs,0.29510403
FFHMNIYECKGVTVK,FFHMNIYECKGVTVK,,0,handcrafted_no_fs,0.42706016
FGHDGTVWAQSADFP,FGHDGTVWAQSADFP,,0,handcrafted_no_fs,0.19500387
FHIRLALPSTLPLHP,FHIRLALPSTLPLHP,,0,handcrafted_no_fs,0.56829643
FKPFAEYKSDYVYEP,FKPFAEYKSDYVYEP,,0,handcrafted_no_fs,0.049739305
FKSGRGCGSCFEIKC,FKSGRGCGSCFEIKC,,0,handcrafted_no_fs,0.3791386
FKTFEAAFTSSSKAA,FKTFEAAFTSSSKAA,,0,handcrafted_no_fs,0.23188134
FKVAATAAATAPADD,FKVAATAAATAPADD,,0,handcrafted_no_fs,0.18198967
FLAVALVAGPAGSYA,FLAVALVAGPAGSYA,,0,handcrafted_no_fs,0.16476648
FLAVAVVLGLATSPT,FLAVAVVLGLATSPT,,0,handcrafted_no_fs,0.033094537
FLGCLVKEIPPRLLY,FLGCLVKEIPPRLLY,,0,handcrafted_no_fs,0.4989109
FLLHHAFVDSIFEQWLQRHRP,FLLHHAFVDSIFEQWLQRHRP,,0,handcrafted_no_fs,0.79448986
FLTGPLNFTGPCKGD,FLTGPLNFTGPCKGD,,0,handcrafted_no_fs,0.040812932
FMRLNIISPDLSGCTSK,FMRLNIISPDLSGCTSK,,0,handcrafted_no_fs,0.67393535
FMVAMFLAVAVVLGL,FMVAMFLAVAVVLGL,,0,handcrafted_no_fs,0.22598241
FNGGESKLKAEATTD,FNGGESKLKAEATTD,,0,handcrafted_no_fs,0.2633455
FNIQYVNYWFAPGAA,FNIQYVNYWFAPGAA,,0,handcrafted_no_fs,0.36874622
FNVFVLTFVSAVVFNFLN,FNVFVLTFVSAVVFNFLN,,0,handcrafted_no_fs,0.392852
FPKEVWEQIFSTWLL,FPKEVWEQIFSTWLL,,0,handcrafted_no_fs,0.44889885
FQRPTISSNSHAIFR,FQRPTISSNSHAIFR,,0,handcrafted_no_fs,0.6039149
FRAAMATTANVPPAD,FRAAMATTANVPPAD,,0,handcrafted_no_fs,0.050825562
FRDRARVPLTSNNGI,FRDRARVPLTSNNGI,,0,handcrafted_no_fs,0.42981878
FRGSYTGWRNSVRHNLSLNDCFVKV,FRGSYTGWRNSVRHNLSLNDCFVKV,,0,handcrafted_no_fs,0.6360584
FSILKDASATAIYGA,FSILKDASATAIYGA,,0,handcrafted_no_fs,0.3805221
FSVKEHRKIYTMIYR,FSVKEHRKIYTMIYR,,0,handcrafted_no_fs,0.5686956
FTTSIPLKGNVRNLSVKI,FTTSIPLKGNVRNLSVKI,,0,handcrafted_no_fs,0.6080963
FTVFEAAFNNAIKAG,FTVFEAAFNNAIKAG,,0,handcrafted_no_fs,0.08779892
FTVQKGSDPKKLVLD,FTVQKGSDPKKLVLD,,0,handcrafted_no_fs,0.2409486
FTVQKGSDPKKLVLN,FTVQKGSDPKKLVLN,,0,handcrafted_no_fs,0.25609878
FVAAAKYMVIQGEPG,FVAAAKYMVIQGEPG,,0,handcrafted_no_fs,0.28192696
FVAGAKYMVIQGEPG,FVAGAKYMVIQGEPG,,0,handcrafted_no_fs,0.10811847
FVHLGHRDNIEDDLL,FVHLGHRDNIEDDLL,,0,handcrafted_no_fs,0.3262248
FVRNNIYEVMVLAMDNGS,FVRNNIYEVMVLAMDNGS,,0,handcrafted_no_fs,0.63913417
FVVTGRVYCDPCRAG,FVVTGRVYCDPCRAG,,0,handcrafted_no_fs,0.41384563
FWAVRGGGGESFGIV,FWAVRGGGGESFGIV,,0,handcrafted_no_fs,0.16614498
GAATVAAGAATTAAG,GAATVAAGAATTAAG,,0,handcrafted_no_fs,0.035941605
GAGAAPLSWSKEIYN,GAGAAPLSWSKEIYN,,0,handcrafted_no_fs,0.22425184
GALLTAALWYIYSHTRSPSKREP,GALLTAALWYIYSHTRSPSKREP,,0,handcrafted_no_fs,0.8053942
GAMAKKGDEQKLRSA,GAMAKKGDEQKLRSA,,0,handcrafted_no_fs,0.1278536
GAQLGELYYAIYKAS,GAQLGELYYAIYKAS,,0,handcrafted_no_fs,0.47843373
GATVAVDCRPFNGGE,GATVAVDCRPFNGGE,,0,handcrafted_no_fs,0.23575786
GAVDIINKWQVVAPQ,GAVDIINKWQVVAPQ,,0,handcrafted_no_fs,0.3310542
GCGSCFEIKCTKPEA,GCGSCFEIKCTKPEA,,0,handcrafted_no_fs,0.031298608
GDGFIDFNEFISFCN,GDGFIDFNEFISFCN,,0,handcrafted_no_fs,0.34151682
GDGKISLSELTDALR,GDGKISLSELTDALR,,0,handcrafted_no_fs,0.22976318
GDKKVIATKVLGTVKWFNV,GDKKVIATKVLGTVKWFNV,,0,handcrafted_no_fs,0.5364747
GDTMAEVELREHGSD,GDTMAEVELREHGSD,,0,handcrafted_no_fs,0.20953724
GELELQFRRVKCKYP,GELELQFRRVKCKYP,,0,handcrafted_no_fs,0.39245087
GEPIRFLLSYGEKDF,GEPIRFLLSYGEKDF,,0,handcrafted_no_fs,0.54304945
GEPKGAAESSSKAAL,GEPKGAAESSSKAAL,,0,handcrafted_no_fs,0.1029968
GEVEIQFRRVKCKYP,GEVEIQFRRVKCKYP,,0,handcrafted_no_fs,0.22371773
GFGYGGRASDYKSAHK,GFGYGGRASDYKSAHK,,0,handcrafted_no_fs,0.5625875
GGACGYKDVDKPPFS,GGACGYKDVDKPPFS,,0,handcrafted_no_fs,0.23945269
GGESFGIVVAWKVRL,GGESFGIVVAWKVRL,,0,handcrafted_no_fs,0.29508972
GGGFGMLLRKYGIAA,GGGFGMLLRKYGIAA,,0,handcrafted_no_fs,0.36665007
GGGGESFGIVVAWQV,GGGGESFGIVVAWQV,,0,handcrafted_no_fs,0.23035273
GGNFAGGGFGMLLRK,GGNFAGGGFGMLLRK,,0,handcrafted_no_fs,0.3004606
GGSILQTNFKSLSSTEF,GGSILQTNFKSLSSTEF,,0,handcrafted_no_fs,0.725369
GHKEAHILRVLPGHSAGPRTVTV,GHKEAHILRVLPGHSAGPRTVTV,,0,handcrafted_no_fs,0.81764936
GILQAYDLRDAPETP,GILQAYDLRDAPETP,,0,handcrafted_no_fs,0.24330094
GITIKKTGQALVVGI,GITIKKTGQALVVGI,,0,handcrafted_no_fs,0.3069957
GIVVAWKVRLLPVPP,GIVVAWKVRLLPVPP,,0,handcrafted_no_fs,0.057788473
GKARTAWVDSGAQLG,GKARTAWVDSGAQLG,,0,handcrafted_no_fs,0.11069277
GKGTLDGQGKAVWGK,GKGTLDGQGKAVWGK,,0,handcrafted_no_fs,0.27726352
GKKEEKKEEKKESGD,GKKEEKKEEKKESGD,,0,handcrafted_no_fs,0.2260869
GKKWNHFNAALMEAA,GKKWNHFNAALMEAA,,0,handcrafted_no_fs,0.24467774
GKWLDAKSTWYGKPT,GKWLDAKSTWYGKPT,,0,handcrafted_no_fs,0.029625434
GLGWYKIEIDQDHQE,GLGWYKIEIDQDHQE,,0,handcrafted_no_fs,0.34067702
GLNITGVTCGPGHGI,GLNITGVTCGPGHGI,,0,handcrafted_no_fs,0.26245034
GLSGEPKGGAESSSK,GLSGEPKGGAESSSK,,0,handcrafted_no_fs,0.10983865
GLVPKLDAAYSVAYK,GLVPKLDAAYSVAYK,,0,handcrafted_no_fs,0.27259335
GMNPSHCNEMSWIQS,GMNPSHCNEMSWIQS,,0,handcrafted_no_fs,0.5497643
GMTGCGNTPIFKSGR,GMTGCGNTPIFKSGR,,0,handcrafted_no_fs,0.18867137
GNTPIFKSGRGCGSC,GNTPIFKSGRGCGSC,,0,handcrafted_no_fs,0.27782407
GPATPAAPAAGYTPA,GPATPAAPAAGYTPA,,0,handcrafted_no_fs,0.16080846
GPGSTGLNITGVTCG,GPGSTGLNITGVTCG,,0,handcrafted_no_fs,0.07761984
GPKDNGGACGYKDVD,GPKDNGGACGYKDVD,,0,handcrafted_no_fs,0.2370057
GPPGTMGPTGQVGDP,GPPGTMGPTGQVGDP,,0,handcrafted_no_fs,0.22991967
GPQGEPGPPGQQGNP,GPQGEPGPPGQQGNP,,0,handcrafted_no_fs,0.31731442
GPTATFEAMYLGTCQ,GPTATFEAMYLGTCQ,,0,handcrafted_no_fs,0.15764016
GQKYFKGNFQRLAIT,GQKYFKGNFQRLAIT,,0,handcrafted_no_fs,0.52834165
GQVSSALAPCIP,GQVSSALAPCIP,,0,handcrafted_no_fs,0.6880107
GRSYAADAGYAPATP,GRSYAADAGYAPATP,,0,handcrafted_no_fs,0.16441567
GRYKDEKDVTDITVK,GRYKDEKDVTDITVK,,0,handcrafted_no_fs,0.20916039
GSDPKKLVLDIKYTR,GSDPKKLVLDIKYTR,,0,handcrafted_no_fs,0.0716083
GSDPKKLVLNIKYTR,GSDPKKLVLNIKYTR,,0,handcrafted_no_fs,0.29004827
GSMAKKGDEQKLRSA,GSMAKKGDEQKLRSA,,0,handcrafted_no_fs,0.21266223
GTKGEAKDVIPEGWK,GTKGEAKDVIPEGWK,,0,handcrafted_no_fs,0.23208058
GTKTEAEDVIPEGWK,GTKTEAEDVIPEGWK,,0,handcrafted_no_fs,0.239625
GTLHDKKSMGDDHFW,GTLHDKKSMGDDHFW,,0,handcrafted_no_fs,0.24985087
GTSLTIPCYFIDPMH,GTSLTIPCYFIDPMH,,0,handcrafted_no_fs,0.4730142
GTTYSCVGVFKNGRVEIIAN,GTTYSCVGVFKNGRVEIIAN,,0,handcrafted_no_fs,0.8270853
GVGSPYVSRLLGICL,GVGSPYVSRLLGICL,,0,handcrafted_no_fs,0.5348592
GVTCGPGHGISVGSL,GVTCGPGHGISVGSL,,0,handcrafted_no_fs,0.17348094
GVTVKDVTITAPGDS,GVTVKDVTITAPGDS,,0,handcrafted_no_fs,0.17003551
GVWTFDSEEPLQGPF,GVWTFDSEEPLQGPF,,0,handcrafted_no_fs,0.30680424
GVYATRSSAVRLRSSVPGVR,GVYATRSSAVRLRSSVPGVR,,0,handcrafted_no_fs,0.69905174
GYTPATPAAPAGAEP,GYTPATPAAPAGAEP,,0,handcrafted_no_fs,0.1830039
GYVVGFWLLILNENQRAN,GYVVGFWLLILNENQRAN,,0,handcrafted_no_fs,0.6787364
HCNEMSWIQSIPFVH,HCNEMSWIQSIPFVH,,0,handcrafted_no_fs,0.4976824
HDKKSMGDDHFWAVR,HDKKSMGDDHFWAVR,,0,handcrafted_no_fs,0.10137229
HDYEGLSYRSLQPET,HDYEGLSYRSLQPET,,0,handcrafted_no_fs,0.38322437
HRDNIEDDLLNRNNT,HRDNIEDDLLNRNNT,,0,handcrafted_no_fs,0.39277074
HTNVCFWYIPPSLRTLEDNE,HTNVCFWYIPPSLRTLEDNE,,0,handcrafted_no_fs,0.79596514
IAFFRKEPLKECGGI,IAFFRKEPLKECGGI,,0,handcrafted_no_fs,0.3734723
IAGLFLTTEAVVADK,IAGLFLTTEAVVADK,,0,handcrafted_no_fs,0.19656058
IALMFVCLIIMWLIC,IALMFVCLIIMWLIC,,0,handcrafted_no_fs,0.28681436
IEGITLLNAKFFHMN,IEGITLLNAKFFHMN,,0,handcrafted_no_fs,0.52388173
IFDSRGNPTVEVDLF,IFDSRGNPTVEVDLF,,0,handcrafted_no_fs,0.35749722
IFDSRGNPTVEVDLF + CITR(R5),IFDSRGNPTVEVDLF,CITR(R5),0,handcrafted_no_fs,0.3707589
IFKISKTVSEGAVDI,IFKISKTVSEGAVDI,,0,handcrafted_no_fs,0.43360773
IGTGDDCISIGPGST,IGTGDDCISIGPGST,,0,handcrafted_no_fs,0.18369745
IGTLKKILDETVKDKLAK,IGTLKKILDETVKDKLAK,,0,handcrafted_no_fs,0.47912344
IHIGDSSKVTITDTT,IHIGDSSKVTITDTT,,0,handcrafted_no_fs,0.2565836
IHKASTVLAFPAGVC,IHKASTVLAFPAGVC,,0,handcrafted_no_fs,0.489557
IIAGTPEVHAVKPGA,IIAGTPEVHAVKPGA,,0,handcrafted_no_fs,0.2325109
IIRFDENGVLLNNSF,IIRFDENGVLLNNSF,,0,handcrafted_no_fs,0.49772727
IITPTNVSHIQSAVV,IITPTNVSHIQSAVV,,0,handcrafted_no_fs,0.4620339
IKEKGKDKWIALKES,IKEKGKDKWIALKES,,0,handcrafted_no_fs,0.23343925
IKEKGKDKWIELKES,IKEKGKDKWIELKES,,0,handcrafted_no_fs,0.07194012
IKYTRPGDSLAEVEL,IKYTRPGDSLAEVEL,,0,handcrafted_no_fs,0.23136081
ILNTWLVKPGAGIMI,ILNTWLVKPGAGIMI,,0,handcrafted_no_fs,0.41380653
ILPNTLVLDFCDDAL,ILPNTLVLDFCDDAL,,0,handcrafted_no_fs,0.4636588
ILPVLGAVLALLFLLLVLL,ILPVLGAVLALLFLLLVLL,,0,handcrafted_no_fs,0.5387245
IMLYALIATQFSDDA,IMLYALIATQFSDDA,,0,handcrafted_no_fs,0.4692352
IMRIKKLTITGKGTL,IMRIKKLTITGKGTL,,0,handcrafted_no_fs,0.3392596
INGIIVFGTRILDEE,INGIIVFGTRILDEE,,0,handcrafted_no_fs,0.6073987
INKWQVVAPQLPADL,INKWQVVAPQLPADL,,0,handcrafted_no_fs,0.28473055
INVGFKAAVAAAASV,INVGFKAAVAAAASV,,0,handcrafted_no_fs,0.27215284
IPAGELQIIDKIDAA,IPAGELQIIDKIDAA,,0,handcrafted_no_fs,0.07817957
IPFVHLGHRDALEDD,IPFVHLGHRDALEDD,,0,handcrafted_no_fs,0.27061307
IPKGDFLTGPLNFTG,IPKGDFLTGPLNFTG,,0,handcrafted_no_fs,0.3211413
IPPCPHGWISLWKGFSFIMF,IPPCPHGWISLWKGFSFIMF,,0,handcrafted_no_fs,0.67963415
IPSCPEGTVPLYSGFSFLFV,IPSCPEGTVPLYSGFSFLFV,,0,handcrafted_no_fs,0.8038257
IPTAFKIGKTYTPEE,IPTAFKIGKTYTPEE,,0,handcrafted_no_fs,0.113071255
IPTAFSIGKTYKPEE,IPTAFSIGKTYKPEE,,0,handcrafted_no_fs,0.066937014
IQSIPFVHLGHRDNI,IQSIPFVHLGHRDNI,,0,handcrafted_no_fs,0.4211504
IQYVNYWFAPGAGAA,IQYVNYWFAPGAGAA,,0,handcrafted_no_fs,0.3819667
ISATPEWATPFPHRK,ISATPEWATPFPHRK,,0,handcrafted_no_fs,0.0609264
ISFCNANPGLMKDVA,ISFCNANPGLMKDVA,,0,handcrafted_no_fs,0.19546139
ISLSFDESLALCVIREI,ISLSFDESLALCVIREI,,0,handcrafted_no_fs,0.6950413
ITAMSEVQKVSQPAT,ITAMSEVQKVSQPAT,,0,handcrafted_no_fs,0.37322897
ITDNPYMTSIPVNAFQGLC,ITDNPYMTSIPVNAFQGLC,,0,handcrafted_no_fs,0.6773408
ITDTTIGTGDDCISI,ITDTTIGTGDDCISI,,0,handcrafted_no_fs,0.24770087
ITKGKVDPTDYFRNE,ITKGKVDPTDYFRNE,,0,handcrafted_no_fs,0.23015565
ITKLGAKPDGKTDCT,ITKLGAKPDGKTDCT,,0,handcrafted_no_fs,0.026399951
IVPPADKYRTFVATF,IVPPADKYRTFVATF,,0,handcrafted_no_fs,0.19851507
IVTPRTPPPSQGK,IVTPRTPPPSQGK,,0,handcrafted_no_fs,0.5478152
IYECKGVTVKDVTIT,IYECKGVTVKDVTIT,,0,handcrafted_no_fs,0.26316643
IYKASPTLAFPAGVC,IYKASPTLAFPAGVC,,0,handcrafted_no_fs,0.19882542
IYTYNGVVAYSIHSQEPKD,IYTYNGVVAYSIHSQEPKD,,0,handcrafted_no_fs,0.5780167
KAALTRTASNMNAAA,KAALTRTASNMNAAA,,0,handcrafted_no_fs,0.35500136
KAAVAAAASVPAADK,KAAVAAAASVPAADK,,0,handcrafted_no_fs,0.18262653
KAFAEGLSGEPKGGA,KAFAEGLSGEPKGGA,,0,handcrafted_no_fs,0.22677416
KASPVLAFPAGVCPT,KASPVLAFPAGVCPT,,0,handcrafted_no_fs,0.24263859
KCKYPEGTKVTFHVE,KCKYPEGTKVTFHVE,,0,handcrafted_no_fs,0.2632213
KDKWIALKESWGAIW,KDKWIALKESWGAIW,,0,handcrafted_no_fs,0.05706668
KDKWIELKESWGAIW,KDKWIELKESWGAIW,,0,handcrafted_no_fs,0.056352403
KDVTFRNITGTSSTP,KDVTFRNITGTSSTP,,0,handcrafted_no_fs,0.11044629
KEDFLRCLVKEIPPR,KEDFLRCLVKEIPPR,,0,handcrafted_no_fs,0.2654338
KEIYNYMEPYVSKNP,KEIYNYMEPYVSKNP,,0,handcrafted_no_fs,0.25463405
KEPLKECGGILQAYD,KEPLKECGGILQAYD,,0,handcrafted_no_fs,0.13098878
KESGDAASGADGTYD,KESGDAASGADGTYD,,0,handcrafted_no_fs,0.029914549
KEVEEAWASACGGTG,KEVEEAWASACGGTG,,0,handcrafted_no_fs,0.2725252
KEVLFYLGQYIMTKRLYD,KEVLFYLGQYIMTKRLYD,,0,handcrafted_no_fs,0.64920115
KFIPALEAAVKQAYA,KFIPALEAAVKQAYA,,0,handcrafted_no_fs,0.23809579
KFPELGMNPSHCNEM,KFPELGMNPSHCNEM,,0,handcrafted_no_fs,0.33665863
KGDEQKLRSAGELEL,KGDEQKLRSAGELEL,,0,handcrafted_no_fs,0.2747473
KGDEQKLRSAGEVEI,KGDEQKLRSAGEVEI,,0,handcrafted_no_fs,0.24773481
KGEAGPTGARGPEGP,KGEAGPTGARGPEGP,,0,handcrafted_no_fs,0.11929887
KGEPAIIEPGMLIEG,KGEPAIIEPGMLIEG,,0,handcrafted_no_fs,0.1976743
KGHRGDPGPSGPPGP,KGHRGDPGPSGPPGP,,0,handcrafted_no_fs,0.24335115
KGKLGVPGLPGYPGR,KGKLGVPGLPGYPGR,,0,handcrafted_no_fs,0.15036163
KGNFQRLAITKGKVD,KGNFQRLAITKGKVD,,0,handcrafted_no_fs,0.1366301
KGPMVSAQESQAQAI,KGPMVSAQESQAQAI,,0,handcrafted_no_fs,0.24116622
KGSNEKHLAVLVKYE,KGSNEKHLAVLVKYE,,0,handcrafted_no_fs,0.32290232
KGSNPNYLALLVKFV,KGSNPNYLALLVKFV,,0,handcrafted_no_fs,0.2665654
KGSNPNYLALLVKYV,KGSNPNYLALLVKYV,,0,handcrafted_no_fs,0.30814448
KHLAVLVKYEGDTMA,KHLAVLVKYEGDTMA,,0,handcrafted_no_fs,0.24539077
KIDAAFKVAATAAAT,KIDAAFKVAATAAAT,,0,handcrafted_no_fs,0.24353534
KIEIDQDHQEEICEV,KIEIDQDHQEEICEV,,0,handcrafted_no_fs,0.38092425
KIPKKASEGAVDIIN,KIPKKASEGAVDIIN,,0,handcrafted_no_fs,0.1933907
KIYTMIYRNLVVVNQQES,KIYTMIYRNLVVVNQQES,,0,handcrafted_no_fs,0.64152545
KKEEKKESGDAASGA,KKEEKKESGDAASGA,,0,handcrafted_no_fs,0.22457574
KKGAGGITIKKTGQA,KKGAGGITIKKTGQA,,0,handcrafted_no_fs,0.05073566
KLIEDINVGFKAAVA,KLIEDINVGFKAAVA,,0,handcrafted_no_fs,0.35428023
KLLPVPPTVTIFKIS,KLLPVPPTVTIFKIS,,0,handcrafted_no_fs,0.24758744
KLRSAGELELQFRRV,KLRSAGELELQFRRV,,0,handcrafted_no_fs,0.6079159
KLRSAGEVEIQFRRV,KLRSAGEVEIQFRRV,,0,handcrafted_no_fs,0.38682014
KLTITGKGTLDGQGK,KLTITGKGTLDGQGK,,0,handcrafted_no_fs,0.18288472
KLVLDIKYTRPGDSL,KLVLDIKYTRPGDSL,,0,handcrafted_no_fs,0.26093075
KLVLNIKYTRPGDSL,KLVLNIKYTRPGDSL,,0,handcrafted_no_fs,0.50716907
KNTIVIPKGDFLTGP,KNTIVIPKGDFLTGP,,0,handcrafted_no_fs,0.27044803
KNVFDDVVPEKYTIG,KNVFDDVVPEKYTIG,,0,handcrafted_no_fs,0.22879079
KPAAAATATATSAVG,KPAAAATATATSAVG,,0,handcrafted_no_fs,0.17997688
KPPFSGMTGCGNTPI,KPPFSGMTGCGNTPI,,0,handcrafted_no_fs,0.15864556
KPTAAGPKDNGGACG,KPTAAGPKDNGGACG,,0,handcrafted_no_fs,0.23549339
KPTGAGPKDNGGACG,KPTGAGPKDNGGACG,,0,handcrafted_no_fs,0.120894596
KQAYAATVATAPEVK,KQAYAATVATAPEVK,,0,handcrafted_no_fs,0.030544227
KQQGIRYANPIAFFR,KQQGIRYANPIAFFR,,0,handcrafted_no_fs,0.29687306
KSSKPLVGPFNFRFM,KSSKPLVGPFNFRFM,,0,handcrafted_no_fs,0.5278677
KSTNGLRIKSYEDAK,KSTNGLRIKSYEDAK,,0,handcrafted_no_fs,0.30429286
KTDCTKEVEEAWASA,KTDCTKEVEEAWASA,,0,handcrafted_no_fs,0.22677416
KTGHLMACFTCAKKLKK,KTGHLMACFTCAKKLKK,,0,handcrafted_no_fs,0.7527228
KTGQALVVGIYDEPM,KTGQALVVGIYDEPM,,0,handcrafted_no_fs,0.060242534
KTLEAAFTVSSKRNL,KTLEAAFTVSSKRNL,,0,handcrafted_no_fs,0.60447574
KTMAVCTNAKVTAKG,KTMAVCTNAKVTAKG,,0,handcrafted_no_fs,0.19410582
KTSLYNLRRGTALAIPQCRLTPLSRL,KTSLYNLRRGTALAIPQCRLTPLSRL,,0,handcrafted_no_fs,0.6488543
KTVLEIDTPKVEQVP,KTVLEIDTPKVEQVP,,0,handcrafted_no_fs,0.1290835
KTVSEGAVDIINKWQ,KTVSEGAVDIINKWQ,,0,handcrafted_no_fs,0.08129294
KVDFVWAIHPGLDIK,KVDFVWAIHPGLDIK,,0,handcrafted_no_fs,0.076711915
KVNFFRMVISNPAATHQDID,KVNFFRMVISNPAATHQDID,,0,handcrafted_no_fs,0.7139026
KVPPGPNITATYGDK,KVPPGPNITATYGDK,,0,handcrafted_no_fs,0.11293468
KVTAKGVSEANTCAA,KVTAKGVSEANTCAA,,0,handcrafted_no_fs,0.043343015
KYDAYVATLSEALRI,KYDAYVATLSEALRI,,0,handcrafted_no_fs,0.32847276
KYKTFEAAFTVSSKR,KYKTFEAAFTVSSKR,,0,handcrafted_no_fs,0.25926527
KYMVIQGEPGAVIRG,KYMVIQGEPGAVIRG,,0,handcrafted_no_fs,0.23312324
KYMVIQGEPGRVIRG,KYMVIQGEPGRVIRG,,0,handcrafted_no_fs,0.2820755
LAIPQCRLTPLSRLPFGMAPGPGPQPG,LAIPQCRLTPLSRLPFGMAPGPGPQPG,,0,handcrafted_no_fs,0.68629354
LAKYKANWIEIMRIK,LAKYKANWIEIMRIK,,0,handcrafted_no_fs,0.36813855
LALLIMLYALIATQF,LALLIMLYALIATQF,,0,handcrafted_no_fs,0.34837824
LARTTPDRQAAC,LARTTPDRQAAC,,0,handcrafted_no_fs,0.55069834
LASSCQVAFSYFPPP,LASSCQVAFSYFPPP,,0,handcrafted_no_fs,0.5745979
LCSDKQPCNGVTMND,LCSDKQPCNGVTMND,,0,handcrafted_no_fs,0.049542986
LDAAYSVAYKAAVGA,LDAAYSVAYKAAVGA,,0,handcrafted_no_fs,0.18893188
LDEVYNAAYNAADHA,LDEVYNAAYNAADHA,,0,handcrafted_no_fs,0.21304098
LDGNLLSSNDLAKYK,LDGNLLSSNDLAKYK,,0,handcrafted_no_fs,0.2924539
LEAAVKQAYAATVAT,LEAAVKQAYAATVAT,,0,handcrafted_no_fs,0.25177673
LFLLLVLLLLVRKKRKIKE,LFLLLVLLLLVRKKRKIKE,,0,handcrafted_no_fs,0.70321155
LGASPYKLGPSPKAR,LGASPYKLGPSPKAR,,0,handcrafted_no_fs,0.21508044
LGHDGTVWAQSADFP,LGHDGTVWAQSADFP,,0,handcrafted_no_fs,0.09122508
LGHRDALEDDLLNRN,LGHRDALEDDLLNRN,,0,handcrafted_no_fs,0.1668543
LGQTIRNSRWSSPDN,LGQTIRNSRWSSPDN,,0,handcrafted_no_fs,0.5183134
LGTCQTLTPMMSSKF,LGTCQTLTPMMSSKF,,0,handcrafted_no_fs,0.4247753
LGTLGSCLQRFTTMPFLFCN,LGTLGSCLQRFTTMPFLFCN,,0,handcrafted_no_fs,0.79826283
LHFSEALHIIAGTPE,LHFSEALHIIAGTPE,,0,handcrafted_no_fs,0.41156846
LHFSEALRIIAGTPE,LHFSEALRIIAGTPE,,0,handcrafted_no_fs,0.38897297
LHLAYNSSLVTFQEP,LHLAYNSSLVTFQEP,,0,handcrafted_no_fs,0.7762578
LIDDVLAILPLDDLK,LIDDVLAILPLDDLK,,0,handcrafted_no_fs,0.33682263
LIEKINAGFKAALAA,LIEKINAGFKAALAA,,0,handcrafted_no_fs,0.105105944
LIMLYALIATQFSDD,LIMLYALIATQFSDD,,0,handcrafted_no_fs,0.54577905
LKDAASSAIYGSRAANGVILI,LKDAASSAIYGSRAANGVILI,,0,handcrafted_no_fs,0.91045725
LKIFPSKRILRRHKRDWV,LKIFPSKRILRRHKRDWV,,0,handcrafted_no_fs,0.70922595
LKLLKSVGAQKDTYTMKEVL,LKLLKSVGAQKDTYTMKEVL,,0,handcrafted_no_fs,0.7179519
LLAMAVLAALFAGAW,LLAMAVLAALFAGAW,,0,handcrafted_no_fs,0.19019628
LLDFLAMHLWRAVVR,LLDFLAMHLWRAVVR,,0,handcrafted_no_fs,0.6235358
LLFCALASSCQVAFS,LLFCALASSCQVAFS,,0,handcrafted_no_fs,0.6411754
LLILIVLLGQFVSIK,LLILIVLLGQFVSIK,,0,handcrafted_no_fs,0.65251476
LLILRAIPEGIRDKGAK,LLILRAIPEGIRDKGAK,,0,handcrafted_no_fs,0.81631863
LLLWAPPPSRAAQPA,LLLWAPPPSRAAQPA,,0,handcrafted_no_fs,0.087323494
LLNAKFFHMNIYECK,LLNAKFFHMNIYECK,,0,handcrafted_no_fs,0.58263385
LLNRNNSFKPFAEYK,LLNRNNSFKPFAEYK,,0,handcrafted_no_fs,0.7676914
LMCEIEGHHLASAAI,LMCEIEGHHLASAAI,,0,handcrafted_no_fs,0.37084106
LNFTGPCKGDSVTIK,LNFTGPCKGDSVTIK,,0,handcrafted_no_fs,0.25337788
LNKMRAVWVDGKART,LNKMRAVWVDGKART,,0,handcrafted_no_fs,0.23174933
LNTPKDHIGTRNPANNAA,LNTPKDHIGTRNPANNAA,,0,handcrafted_no_fs,0.4815096
LPADLMIRIIAQGPK,LPADLMIRIIAQGPK,,0,handcrafted_no_fs,0.2858156
LPRPPATPPPPPPPQ,LPRPPATPPPPPPPQ,,0,handcrafted_no_fs,0.30947292
LPVPPTVTVFKIPKK,LPVPPTVTVFKIPKK,,0,handcrafted_no_fs,0.19164112
LQGPFNFRFLTEKGM,LQGPFNFRFLTEKGM,,0,handcrafted_no_fs,0.51669586
LQGQWRGAAGTAAQA,LQGQWRGAAGTAAQA,,0,handcrafted_no_fs,0.12802415
LQIIDKIDAAFKVAA,LQIIDKIDAAFKVAA,,0,handcrafted_no_fs,0.10930777
LQLQPFPQPQLPYPQ + DEAM(Q10),LQLQPFPQPQLPYPQ,DEAM(Q10),0,handcrafted_no_fs,0.32795367
LQPETFAVVDLNKMR,LQPETFAVVDLNKMR,,0,handcrafted_no_fs,0.30441597
LRGFPGDRGLPGPVG,LRGFPGDRGLPGPVG,,0,handcrafted_no_fs,0.18706793
LRIKSYEDAKSPLTA,LRIKSYEDAKSPLTA,,0,handcrafted_no_fs,0.08951039
LSSNDLAKYKANWIE,LSSNDLAKYKANWIE,,0,handcrafted_no_fs,0.39472824
LSYRSLQPETFAVVD,LSYRSLQPETFAVVD,,0,handcrafted_no_fs,0.59931403
LTKKGNVWEVKSSKP,LTKKGNVWEVKSSKP,,0,handcrafted_no_fs,0.25175223
LVAGPAGSYAADLGY,LVAGPAGSYAADLGY,,0,handcrafted_no_fs,0.26720458
LVDANGTLHDKKSMG,LVDANGTLHDKKSMG,,0,handcrafted_no_fs,0.21189211
LVGPFNFRFMSKGGM,LVGPFNFRFMSKGGM,,0,handcrafted_no_fs,0.4452342
LVKFVAGDGDVVAVD,LVKFVAGDGDVVAVD,,0,handcrafted_no_fs,0.16912746
LVKPGAGIMIFDPYG,LVKPGAGIMIFDPYG,,0,handcrafted_no_fs,0.09727745
LVKYEGDTMAEVELR,LVKYEGDTMAEVELR,,0,handcrafted_no_fs,0.056348134
LVKYVNGDGDVVAVD,LVKYVNGDGDVVAVD,,0,handcrafted_no_fs,0.17854387
LVLDFCDDALIEGIT,LVLDFCDDALIEGIT,,0,handcrafted_no_fs,0.4116116
LVVGIYDEPMTPGQC,LVVGIYDEPMTPGQC,,0,handcrafted_no_fs,0.20156829
LYGFVTLTLICSLIT,LYGFVTLTLICSLIT,,0,handcrafted_no_fs,0.75929165
LYSGFSFLFVQGNQRAHGQD,LYSGFSFLFVQGNQRAHGQD,,0,handcrafted_no_fs,0.73054767
MAAHKFMVAMFLAVA,MAAHKFMVAMFLAVA,,0,handcrafted_no_fs,0.2830232
MADDMERIFKRFDTN,MADDMERIFKRFDTN,,0,handcrafted_no_fs,0.22295828
MANSRAFALVLLFCA,MANSRAFALVLLFCA,,0,handcrafted_no_fs,0.22867048
MASSSSVLLVVALFA,MASSSSVLLVVALFA,,0,handcrafted_no_fs,0.17156261
MASSSSVLLVVVLFA,MASSSSVLLVVVLFA,,0,handcrafted_no_fs,0.20179164
MAVHQYTVALFLAVA,MAVHQYTVALFLAVA,,0,handcrafted_no_fs,0.19120598
MDRPRTPPPSYSE,MDRPRTPPPSYSE,,0,handcrafted_no_fs,0.61872375
MGDDHFWAVRGGGGE,MGDDHFWAVRGGGGE,,0,handcrafted_no_fs,0.24040598
MGKATTEEQKLIEDV,MGKATTEEQKLIEDV,,0,handcrafted_no_fs,0.23086664
MIRIIAQGPKATFEA,MIRIIAQGPKATFEA,,0,handcrafted_no_fs,0.25827667
MKDFDEPGHLAPTGM,MKDFDEPGHLAPTGM,,0,handcrafted_no_fs,0.25932583
MKDLDEPGHLAPTGM,MKDLDEPGHLAPTGM,,0,handcrafted_no_fs,0.0820499
MKLLQHIPANLLENI,MKLLQHIPANLLENI,,0,handcrafted_no_fs,0.72338915
MLLRKYGIAAENVID,MLLRKYGIAAENVID,,0,handcrafted_no_fs,0.37666735
MNAFMVWSRGQRRKMA,MNAFMVWSRGQRRKMA,,0,handcrafted_no_fs,0.5224434
MNGSPTYSMSYSQQGTPGM,MNGSPTYSMSYSQQGTPGM,,0,handcrafted_no_fs,0.6927769
MNKKKMILTSLASVAILGA,MNKKKMILTSLASVAILGA,,0,handcrafted_no_fs,0.76886916
MSMASSSSSSLLAMA,MSMASSSSSSLLAMA,,0,handcrafted_no_fs,0.46345666
MSSKFPELGMNASHC,MSSKFPELGMNASHC,,0,handcrafted_no_fs,0.5705782
MSWQTYVDEHLMCEI,MSWQTYVDEHLMCEI,,0,handcrafted_no_fs,0.29759732
MVVERLGDYLVEQGM,MVVERLGDYLVEQGM,,0,handcrafted_no_fs,0.29644847
MYLGTCKTLTPLMSS,MYLGTCKTLTPLMSS,,0,handcrafted_no_fs,0.5180811
NAAYNAADHAAPEDK,NAAYNAADHAAPEDK,,0,handcrafted_no_fs,0.035578053
NAGFKAALAAAAGVP,NAGFKAALAAAAGVP,,0,handcrafted_no_fs,0.14921078
NASHCNEMSWIQSIP,NASHCNEMSWIQSIP,,0,handcrafted_no_fs,0.47587028
NCVLKKSTNGLRIKS,NCVLKKSTNGLRIKS,,0,handcrafted_no_fs,0.58182526
NDAIKASTGGAYESY,NDAIKASTGGAYESY,,0,handcrafted_no_fs,0.07248034
NDVSTYASGKVWGQK,NDVSTYASGKVWGQK,,0,handcrafted_no_fs,0.031324793
NFFRMVISNPA,NFFRMVISNPA,,0,handcrafted_no_fs,0.8636751
NFRFLTEKGMKNVFD,NFRFLTEKGMKNVFD,,0,handcrafted_no_fs,0.43861058
NFRFMSKGGMRNVFD,NFRFMSKGGMRNVFD,,0,handcrafted_no_fs,0.39839756
NGDGDVVAVDIKEKG,NGDGDVVAVDIKEKG,,0,handcrafted_no_fs,0.05088613
NGLNFDWSDG,NGLNFDWSDG,,0,handcrafted_no_fs,0.6958611
NGSAEVHRGAVPRRG,NGSAEVHRGAVPRRG,,0,handcrafted_no_fs,0.14499044
NIDGYFKIYSKHTPINLV,NIDGYFKIYSKHTPINLV,,0,handcrafted_no_fs,0.5221259
NKICTSKGDSARVTV,NKICTSKGDSARVTV,,0,handcrafted_no_fs,0.34235135
NLADAVSKAPQLVPK,NLADAVSKAPQLVPK,,0,handcrafted_no_fs,0.25327998
NMVVERLGDYLVEQG,NMVVERLGDYLVEQG,,0,handcrafted_no_fs,0.3295332
NNAAALPGKCGV,NNAAALPGKCGV,,0,handcrafted_no_fs,0.6261135
NPERMFRKPIPSTVKAGELE,NPERMFRKPIPSTVKAGELE,,0,handcrafted_no_fs,0.8038816
NPKFENIAEGLRALLARSHVERTTDE,NPKFENIAEGLRALLARSHVERTTDE,,0,handcrafted_no_fs,0.8270215
NPRQAYANYRDIDLG,NPRQAYANYRDIDLG,,0,handcrafted_no_fs,0.21438496
NRNNTFKPFAEYKSD,NRNNTFKPFAEYKSD,,0,handcrafted_no_fs,0.301656
NSCAKNYNCKILPNT,NSCAKNYNCKILPNT,,0,handcrafted_no_fs,0.42127365
NSYSFWLASLNPERMFRKPI,NSYSFWLASLNPERMFRKPI,,0,handcrafted_no_fs,0.5177028
NVSHIQSAVVCGRRH,NVSHIQSAVVCGRRH,,0,handcrafted_no_fs,0.48102415
NVWEVKSSKPLVGPF,NVWEVKSSKPLVGPF,,0,handcrafted_no_fs,0.38530347
NYLALLVKFVAGDGD,NYLALLVKFVAGDGD,,0,handcrafted_no_fs,0.5857526
NYLALLVKYVNGDGD,NYLALLVKYVNGDGD,,0,handcrafted_no_fs,0.40213886
NYNCKILPNTLVLDF,NYNCKILPNTLVLDF,,0,handcrafted_no_fs,0.45075074
PAADKFKTFEAAFTS,PAADKFKTFEAAFTS,,0,handcrafted_no_fs,0.14397953
PADKYKTLEAAFTVS,PADKYKTLEAAFTVS,,0,handcrafted_no_fs,0.14089175
PADKYRTFVATFGAA,PADKYRTFVATFGAA,,0,handcrafted_no_fs,0.35419026
PAGVCPTIGVGGNFA,PAGVCPTIGVGGNFA,,0,handcrafted_no_fs,0.045263827
PANDKFTVFEAAFNN,PANDKFTVFEAAFNN,,0,handcrafted_no_fs,0.29536805
PATPAAPGAGYTPAT,PATPAAPGAGYTPAT,,0,handcrafted_no_fs,0.22677416
PCKGDSVTIKLDGNL,PCKGDSVTIKLDGNL,,0,handcrafted_no_fs,0.054578222
PCRAGFETNVSHNVQ,PCRAGFETNVSHNVQ,,0,handcrafted_no_fs,0.3039735
PDGFRLSWTADEGVF + CITR(R5),PDGFRLSWTADEGVF,CITR(R5),0,handcrafted_no_fs,0.28482693
PDNVKPIYIVTPTNA,PDNVKPIYIVTPTNA,,0,handcrafted_no_fs,0.21209335
PDTTCSEIEEFRDRA,PDTTCSEIEEFRDRA,,0,handcrafted_no_fs,0.114443526
PEDLGKEPTPSKKPV,PEDLGKEPTPSKKPV,,0,handcrafted_no_fs,0.049619194
PEEFAVVDLSKMRAV,PEEFAVVDLSKMRAV,,0,handcrafted_no_fs,0.051123917
PELGMNASHCNEMSW,PELGMNASHCNEMSW,,0,handcrafted_no_fs,0.17566007
PFTVRYTTEGGTKGE,PFTVRYTTEGGTKGE,,0,handcrafted_no_fs,0.13220383
PFTVRYTTEGGTKTE,PFTVRYTTEGGTKTE,,0,handcrafted_no_fs,0.12277896
PGDSLAEVELRQHGS,PGDSLAEVELRQHGS,,0,handcrafted_no_fs,0.3403311
PGHGISVGSLGRYKD,PGHGISVGSLGRYKD,,0,handcrafted_no_fs,0.14355579
PGMAKIPAGELQIID,PGMAKIPAGELQIID,,0,handcrafted_no_fs,0.18253042
PGPMGPIGSRGPEGP,PGPMGPIGSRGPEGP,,0,handcrafted_no_fs,0.23908219
PGPMGPLGIPGSSGF,PGPMGPLGIPGSSGF,,0,handcrafted_no_fs,0.10029571
PGPNITATYGGKWLD,PGPNITATYGGKWLD,,0,handcrafted_no_fs,0.09443333
PGPRGLLGPKGPPGP,PGPRGLLGPKGPPGP,,0,handcrafted_no_fs,0.045963854
PGPVGPPGSGGLKGE,PGPVGPPGSGGLKGE,,0,handcrafted_no_fs,0.14535673
PGPVGPPGSNGPVGE,PGPVGPPGSNGPVGE,,0,handcrafted_no_fs,0.1975384
PGRPGLPGADGLPGP,PGRPGLPGADGLPGP,,0,handcrafted_no_fs,0.2639704
PGSVGPVGPRGPQGL,PGSVGPVGPRGPQGL,,0,handcrafted_no_fs,0.22761478
PGVLLKEFTVSGNILTIRLTAADHR,PGVLLKEFTVSGNILTIRLTAADHR,,0,handcrafted_no_fs,0.7771451
PIIIDQKYCPNKICT,PIIIDQKYCPNKICT,,0,handcrafted_no_fs,0.1604343
PISVTAPPPQLPRPP,PISVTAPPPQLPRPP,,0,handcrafted_no_fs,0.2124531
PIYIVTPTNASHIQS,PIYIVTPTNASHIQS,,0,handcrafted_no_fs,0.4051102
PKGGAESSSKAALTS,PKGGAESSSKAALTS,,0,handcrafted_no_fs,0.28716722
PLMSSKFPELGMNPS,PLMSSKFPELGMNPS,,0,handcrafted_no_fs,0.59072506
PLSWSKEIYNYMEPY,PLSWSKEIYNYMEPY,,0,handcrafted_no_fs,0.2862903
PLTKDNHLLGTFDLTGIPPA,PLTKDNHLLGTFDLTGIPPA,,0,handcrafted_no_fs,0.67034924
PNITATYGDKWLDAK,PNITATYGDKWLDAK,,0,handcrafted_no_fs,0.04614032
PNTDGIHIGDSSKVT,PNTDGIHIGDSSKVT,,0,handcrafted_no_fs,0.055654626
PPGLQGMPGERGIAG,PPGLQGMPGERGIAG,,0,handcrafted_no_fs,0.3531346
PPPPQLGASPYKLGP,PPPPQLGASPYKLGP,,0,handcrafted_no_fs,0.24031305
PPTVTIFKISKTVSE,PPTVTIFKISKTVSE,,0,handcrafted_no_fs,0.38959137
PQPQLPYPQPQLPY,PQPQLPYPQPQLPY,,0,handcrafted_no_fs,0.5972974
PQVKYAVFEAALTKA,PQVKYAVFEAALTKA,,0,handcrafted_no_fs,0.13131934
PRGGPGRSYAADAGY,PRGGPGRSYAADAGY,,0,handcrafted_no_fs,0.050704572
PRLLYAKSSPAYPSV,PRLLYAKSSPAYPSV,,0,handcrafted_no_fs,0.33143258
PSDKHIEQYLKKIQNSLSTEWS,PSDKHIEQYLKKIQNSLSTEWS,,0,handcrafted_no_fs,0.8940752
PTGFQGLPGPPGPPG,PTGFQGLPGPPGPPG,,0,handcrafted_no_fs,0.055441193
PTIGVGGNFAGGGFG,PTIGVGGNFAGGGFG,,0,handcrafted_no_fs,0.3343152
PTLAFPAGVCPTIGV,PTLAFPAGVCPTIGV,,0,handcrafted_no_fs,0.24665073
PTPLAKEDFLRCLVK,PTPLAKEDFLRCLVK,,0,handcrafted_no_fs,0.21862431
PVTEEPGMAKIPAGE,PVTEEPGMAKIPAGE,,0,handcrafted_no_fs,0.100104585
PVWYGLDMNRGSQFA,PVWYGLDMNRGSQFA,,0,handcrafted_no_fs,0.48476046
PYGATISATPEWATP,PYGATISATPEWATP,,0,handcrafted_no_fs,0.13415273
PYVSKNPRQAYANYR,PYVSKNPRQAYANYR,,0,handcrafted_no_fs,0.360761
QAYAATVAAAPQVKY,QAYAATVAAAPQVKY,,0,handcrafted_no_fs,0.19056515
QDHQEEICEVVLAKS,QDHQEEICEVVLAKS,,0,handcrafted_no_fs,0.4635348
QETLVRPKPLLLKLLKSVGA,QETLVRPKPLLLKLLKSVGA,,0,handcrafted_no_fs,0.71709245
QFKPEEITGIMKDFD,QFKPEEITGIMKDFD,,0,handcrafted_no_fs,0.23781769
QFKPEEITGIMKDLD,QFKPEEITGIMKDLD,,0,handcrafted_no_fs,0.048733134
QFRRVKCKYPEGTKV,QFRRVKCKYPEGTKV,,0,handcrafted_no_fs,0.1220193
QGEPGAVIRGKKGAG,QGEPGAVIRGKKGAG,,0,handcrafted_no_fs,0.052307367
QGEPGRVIRGKKGAG,QGEPGRVIRGKKGAG,,0,handcrafted_no_fs,0.11735741
QGFFAVQQTCPHCQG,QGFFAVQQTCPHCQG,,0,handcrafted_no_fs,0.3802557
QGPEGKLGPLGAPGE,QGPEGKLGPLGAPGE,,0,handcrafted_no_fs,0.32232082
QGTLSKIFKLGGRDSRSGSPMARR,QGTLSKIFKLGGRDSRSGSPMARR,,0,handcrafted_no_fs,0.77963895
QHQVDNLKKLLAGADPDD,QHQVDNLKKLLAGADPDD,,0,handcrafted_no_fs,0.87218225
QKLIEDINASFRAAM,QKLIEDINASFRAAM,,0,handcrafted_no_fs,0.5148544
QKLIEDVNASFRAAM,QKLIEDVNASFRAAM,,0,handcrafted_no_fs,0.53681046
QKYCPNKICTSKGDS,QKYCPNKICTSKGDS,,0,handcrafted_no_fs,0.28800246
QLGELYYAIHKASPV,QLGELYYAIHKASPV,,0,handcrafted_no_fs,0.34127396
QLVPKLDEVYNAAYN,QLVPKLDEVYNAAYN,,0,handcrafted_no_fs,0.33048886
QMQPMHRYDVSALQYNSM,QMQPMHRYDVSALQYNSM,,0,handcrafted_no_fs,0.66160715
QMTFLRLLSKEASQN,QMTFLRLLSKEASQN,,0,handcrafted_no_fs,0.7480595
QNMYRGYRPRFRRGP,QNMYRGYRPRFRRGP,,0,handcrafted_no_fs,0.3372776
QPCNGVTMNDVKIEY,QPCNGVTMNDVKIEY,,0,handcrafted_no_fs,0.28937954
QPFPKTVWEQILNTW,QPFPKTVWEQILNTW,,0,handcrafted_no_fs,0.20959714
QRMMAEIDTDGDGFI,QRMMAEIDTDGDGFI,,0,handcrafted_no_fs,0.2689699
QSAVVCGRRHSVRIR,QSAVVCGRRHSVRIR,,0,handcrafted_no_fs,0.14884257
QSVIFANTRRKVDWI,QSVIFANTRRKVDWI,,0,handcrafted_no_fs,0.5934822
QVAFSYFPPPAAKED,QVAFSYFPPPAAKED,,0,handcrafted_no_fs,0.029181372
RCLVKEIPPRLLYAK,RCLVKEIPPRLLYAK,,0,handcrafted_no_fs,0.37224984
RCTVCEGPAIAIAVHSQTTD,RCTVCEGPAIAIAVHSQTTD,,0,handcrafted_no_fs,0.6286048
RDTKIFYSITGPGADSPPEG,RDTKIFYSITGPGADSPPEG,,0,handcrafted_no_fs,0.7233627
RFDTNGDGKISLSEL,RFDTNGDGKISLSEL,,0,handcrafted_no_fs,0.2813376
RFFTLGSITAQPVKI,RFFTLGSITAQPVKI,,0,handcrafted_no_fs,0.5191336
RIDTPDKLTGPFTVR,RIDTPDKLTGPFTVR,,0,handcrafted_no_fs,0.14997552
RIDTPEVLKGPFTVR,RIDTPEVLKGPFTVR,,0,handcrafted_no_fs,0.0637145
RIIAGTLEVHAVKPA,RIIAGTLEVHAVKPA,,0,handcrafted_no_fs,0.33106694
RKGVLFNIQYVNYWF,RKGVLFNIQYVNYWF,,0,handcrafted_no_fs,0.5850907
RLTPYILVLASDTIAFNV,RLTPYILVLASDTIAFNV,,0,handcrafted_no_fs,0.5453369
RNEVVNDVSTYASGK,RNEVVNDVSTYASGK,,0,handcrafted_no_fs,0.32755014
RNGYRALMDKSLHVGTQCALTRR,RNGYRALMDKSLHVGTQCALTRR,,0,handcrafted_no_fs,0.9026091
RNITGTSSTPEAVSL,RNITGTSSTPEAVSL,,0,handcrafted_no_fs,0.47134385
RNSRWSSPDNVKPLY,RNSRWSSPDNVKPLY,,0,handcrafted_no_fs,0.30878538
RNVFDEVIPTAFKIG,RNVFDEVIPTAFKIG,,0,handcrafted_no_fs,0.22800246
RNVFDEVIPTAFSIG,RNVFDEVIPTAFSIG,,0,handcrafted_no_fs,0.21819818
RQHGSEEWEPLTKKG,RQHGSEEWEPLTKKG,,0,handcrafted_no_fs,0.13377585
RQVYLKLETTSKSDEV,RQVYLKLETTSKSDEV,,0,handcrafted_no_fs,0.6787546
RQYDPVAALFFFDIDL,RQYDPVAALFFFDIDL,,0,handcrafted_no_fs,0.70444673
RRHGVRIRVRSGGHD,RRHGVRIRVRSGGHD,,0,handcrafted_no_fs,0.28964907
RTFVATFGAASNKAF,RTFVATFGAASNKAF,,0,handcrafted_no_fs,0.28064048
RVIAQGPTATFEAMY,RVIAQGPTATFEAMY,,0,handcrafted_no_fs,0.40507582
RVIRGKKGAGGITIK,RVIRGKKGAGGITIK,,0,handcrafted_no_fs,0.25275
RVLGLVLLRGENLVS,RVLGLVLLRGENLVS,,0,handcrafted_no_fs,0.6857876
RVPLTSNNGIKQQGI,RVPLTSNNGIKQQGI,,0,handcrafted_no_fs,0.3885967
RVWEQIFSTWLLKPG,RVWEQIFSTWLLKPG,,0,handcrafted_no_fs,0.6597306
RVYCDPCRAGFETNV,RVYCDPCRAGFETNV,,0,handcrafted_no_fs,0.07484019
RWQVVAPQLPDDLMI,RWQVVAPQLPDDLMI,,0,handcrafted_no_fs,0.35973307
RYANPIAFFRKEPLK,RYANPIAFFRKEPLK,,0,handcrafted_no_fs,0.5040456
SADEVQRMMAEIDTD,SADEVQRMMAEIDTD,,0,handcrafted_no_fs,0.19982588
SADFPQFKPEEITGI,SADFPQFKPEEITGI,,0,handcrafted_no_fs,0.065174975
SDKWYYVNSNGAMATGWL,SDKWYYVNSNGAMATGWL,,0,handcrafted_no_fs,0.9110578
SDYVYEPFPKRVWEQ,SDYVYEPFPKRVWEQ,,0,handcrafted_no_fs,0.2065238
SDYVYQPFPKTVWEQ,SDYVYQPFPKTVWEQ,,0,handcrafted_no_fs,0.25510043
SEAQKAAKPAAAATA,SEAQKAAKPAAAATA,,0,handcrafted_no_fs,0.1745889
SEFLLQLDSCHLDLGPEG,SEFLLQLDSCHLDLGPEG,,0,handcrafted_no_fs,0.83246434
SEIEEFRDRARVPLT,SEIEEFRDRARVPLT,,0,handcrafted_no_fs,0.25282103
SERPAIVPPADKYRT,SERPAIVPPADKYRT,,0,handcrafted_no_fs,0.041821722
SFGIVVAWQVKLLPV,SFGIVVAWQVKLLPV,,0,handcrafted_no_fs,0.47513193
SGEYWIDPNQGSVED,SGEYWIDPNQGSVED,,0,handcrafted_no_fs,0.4253544
SGHAFGAMAKKGDEQ,SGHAFGAMAKKGDEQ,,0,handcrafted_no_fs,0.25658074
SGIAFGSMAKKGDEQ,SGIAFGSMAKKGDEQ,,0,handcrafted_no_fs,0.24509011
SGLVWGQKYFKGNFQ,SGLVWGQKYFKGNFQ,,0,handcrafted_no_fs,0.41720104
SGTNNKTMAVCTNAK,SGTNNKTMAVCTNAK,,0,handcrafted_no_fs,0.35179216
SHIQSAVVCGRRHGV,SHIQSAVVCGRRHGV,,0,handcrafted_no_fs,0.2872992
SHNVQGATVAVDCRP,SHNVQGATVAVDCRP,,0,handcrafted_no_fs,0.08989173
SILLMEGVPKSLN,SILLMEGVPKSLN,,0,handcrafted_no_fs,0.60473675
SKAALTSKLDAAYKL,SKAALTSKLDAAYKL,,0,handcrafted_no_fs,0.28726417
SKGDSARVTVKDVTF,SKGDSARVTVKDVTF,,0,handcrafted_no_fs,0.24647386
SKGGMRNVFDEVIPT,SKGGMRNVFDEVIPT,,0,handcrafted_no_fs,0.16900532
SKLKAEATTDGLGWY,SKLKAEATTDGLGWY,,0,handcrafted_no_fs,0.039010067
SKLTYENVKMEDVGY,SKLTYENVKMEDVGY,,0,handcrafted_no_fs,0.057901897
SKTLDRLTPYILVLASDT,SKTLDRLTPYILVLASDT,,0,handcrafted_no_fs,0.69952834
SLSELTDALRTLGST,SLSELTDALRTLGST,,0,handcrafted_no_fs,0.573994
SNKAFAEGLSGEPKG,SNKAFAEGLSGEPKG,,0,handcrafted_no_fs,0.14813557
SNNGIKQQGIRYANP,SNNGIKQQGIRYANP,,0,handcrafted_no_fs,0.49002257
SPKARSERPAIVPPA,SPKARSERPAIVPPA,,0,handcrafted_no_fs,0.1704367
SPLTASKLTYENVKM,SPLTASKLTYENVKM,,0,handcrafted_no_fs,0.40437052
SPVFLYEDHTGKPGP,SPVFLYEDHTGKPGP,,0,handcrafted_no_fs,0.061488215
SQPATGAATVAAGAA,SQPATGAATVAAGAA,,0,handcrafted_no_fs,0.029416623
SRWSSPDNVKPIYIV,SRWSSPDNVKPIYIV,,0,handcrafted_no_fs,0.2961851
SSCEVALSYYPTPLA,SSCEVALSYYPTPLA,,0,handcrafted_no_fs,0.51838905
SSKAATAKAPGLVPK,SSKAATAKAPGLVPK,,0,handcrafted_no_fs,0.19662383
SSKVTITDTTIGTGD,SSKVTITDTTIGTGD,,0,handcrafted_no_fs,0.15439142
SSPDNVKPLYIITPT,SSPDNVKPLYIITPT,,0,handcrafted_no_fs,0.314451
SSSSSLLAMAVLAAL,SSSSSLLAMAVLAAL,,0,handcrafted_no_fs,0.48815274
STGGAYDTYKCIPSL,STGGAYDTYKCIPSL,,0,handcrafted_no_fs,0.05394929
STHVDIRTLEDLLMG,STHVDIRTLEDLLMG,,0,handcrafted_no_fs,0.5493942
STWLLKPGAGIMIFD,STWLLKPGAGIMIFD,,0,handcrafted_no_fs,0.22706826
STWYGKPTAAGPKDN,STWYGKPTAAGPKDN,,0,handcrafted_no_fs,0.23091358
STWYGKPTGAGPKDN,STWYGKPTGAGPKDN,,0,handcrafted_no_fs,0.15643127
SVAYKAAVGATPEAK,SVAYKAAVGATPEAK,,0,handcrafted_no_fs,0.11368664
SVGSLGRYKDEKDVT,SVGSLGRYKDEKDVT,,0,handcrafted_no_fs,0.1873222
SVKRSNGSAEVHRGA,SVKRSNGSAEVHRGA,,0,handcrafted_no_fs,0.40475094
SVLLVVALFAVFLGS,SVLLVVALFAVFLGS,,0,handcrafted_no_fs,0.15255801
SVLLVVVLFAVFLGS,SVLLVVVLFAVFLGS,,0,handcrafted_no_fs,0.15015751
SVLTGAAAAALYGSE,SVLTGAAAAALYGSE,,0,handcrafted_no_fs,0.320651
SVRIRVRSGGHDYEG,SVRIRVRSGGHDYEG,,0,handcrafted_no_fs,0.29388615
SVTIKLDGNLLSSND,SVTIKLDGNLLSSND,,0,handcrafted_no_fs,0.54195434
SWIQSIPFVHLGHRD,SWIQSIPFVHLGHRD,,0,handcrafted_no_fs,0.608561
TAAATAPADDKFTVF,TAAATAPADDKFTVF,,0,handcrafted_no_fs,0.013714475
TACESFLQGAIC,TACESFLQGAIC,,0,handcrafted_no_fs,0.6868473
TAKAPGLVPKLDAAY,TAKAPGLVPKLDAAY,,0,handcrafted_no_fs,0.12189459
TALKKAITAMSEAQK,TALKKAITAMSEAQK,,0,handcrafted_no_fs,0.32227767
TANVPPADKYKTLEA,TANVPPADKYKTLEA,,0,handcrafted_no_fs,0.030313129
TATAAVGAATGAATA,TATAAVGAATGAATA,,0,handcrafted_no_fs,0.04529655
TATYGGKWLDAKSTW,TATYGGKWLDAKSTW,,0,handcrafted_no_fs,0.030340513
TDALRTLGSTSADEV,TDALRTLGSTSADEV,,0,handcrafted_no_fs,0.17593747
TDDNEEPIAAYHFDL,TDDNEEPIAAYHFDL,,0,handcrafted_no_fs,0.18853539
TDDNEEPIAPYHFDL,TDDNEEPIAPYHFDL,,0,handcrafted_no_fs,0.03330146
TEEQKLIEKINAGFK,TEEQKLIEKINAGFK,,0,handcrafted_no_fs,0.13525878
TEKGMKNVFDDVVPE,TEKGMKNVFDDVVPE,,0,handcrafted_no_fs,0.11066271
TFGAASNKAFAEGLS,TFGAASNKAFAEGLS,,0,handcrafted_no_fs,0.21820876
TFHVEKGSNPNYLAL,TFHVEKGSNPNYLAL,,0,handcrafted_no_fs,0.3686901
TFTVEKGSNEKHLAV,TFTVEKGSNEKHLAV,,0,handcrafted_no_fs,0.22053382
TGAVGFAGPQGPDGQ,TGAVGFAGPQGPDGQ,,0,handcrafted_no_fs,0.33666167
TGDVGQMGPPGPPGP,TGDVGQMGPPGPPGP,,0,handcrafted_no_fs,0.21506123
TGKIINFIKFDTGNL,TGKIINFIKFDTGNL,,0,handcrafted_no_fs,0.4238105
TGRALEPYISRCTVCEGPAI,TGRALEPYISRCTVCEGPAI,,0,handcrafted_no_fs,0.6320934
TIGTLKKILDETVKDKIA,TIGTLKKILDETVKDKIA,,0,handcrafted_no_fs,0.43044904
TKGEGGVWTFDSEEP,TKGEGGVWTFDSEEP,,0,handcrafted_no_fs,0.021304073
TKPEACSGEPVVVHI,TKPEACSGEPVVVHI,,0,handcrafted_no_fs,0.119715706
TLEVHAVKPAAEEVK,TLEVHAVKPAAEEVK,,0,handcrafted_no_fs,0.13820654
TLGSTSADEVQRMMA,TLGSTSADEVQRMMA,,0,handcrafted_no_fs,0.43859908
TLTPMMSSKFPELGM,TLTPMMSSKFPELGM,,0,handcrafted_no_fs,0.51931405
TLYVEVTNEAPFVLKLPTSTA,TLYVEVTNEAPFVLKLPTSTA,,0,handcrafted_no_fs,0.5387609
TPAAPAGAEPAGKAT,TPAAPAGAEPAGKAT,,0,handcrafted_no_fs,0.116299465
TPEAKFDSFVASLTE,TPEAKFDSFVASLTE,,0,handcrafted_no_fs,0.13707475
TPESATPFPHRKGVL,TPESATPFPHRKGVL,,0,handcrafted_no_fs,0.27659598
TPFPHRKGVLFNIQY,TPFPHRKGVLFNIQY,,0,handcrafted_no_fs,0.56125355
TPGQCNMVVERLGDY,TPGQCNMVVERLGDY,,0,handcrafted_no_fs,0.27720192
TPTNASHIQSAVVCG,TPTNASHIQSAVVCG,,0,handcrafted_no_fs,0.37598172
TSAVGAPTGATTAAA,TSAVGAPTGATTAAA,,0,handcrafted_no_fs,0.17351839
TSKLDAAYKLAYKTA,TSKLDAAYKLAYKTA,,0,handcrafted_no_fs,0.21725637
TSSTPEAVSLLCSDK,TSSTPEAVSLLCSDK,,0,handcrafted_no_fs,0.20342782
TSYVKVLHHMVKISG,TSYVKVLHHMVKISG,,0,handcrafted_no_fs,0.64900416
TTAAGAASGAATVAA,TTAAGAASGAATVAA,,0,handcrafted_no_fs,0.2294028
TTEEQKLIEDINVGF,TTEEQKLIEDINVGF,,0,handcrafted_no_fs,0.3123316
TVAAAPQVKYAVFEA,TVAAAPQVKYAVFEA,,0,handcrafted_no_fs,0.26130366
TVKWFNVRNGYGFINRNDTK,TVKWFNVRNGYGFINRNDTK,,0,handcrafted_no_fs,0.81187975
TVLAFPAGVCPTIGV,TVLAFPAGVCPTIGV,,0,handcrafted_no_fs,0.21456747
TVTVFKIPKKASEGA,TVTVFKIPKKASEGA,,0,handcrafted_no_fs,0.1025923
TVVLSLKKFLKQDTYDVHL,TVVLSLKKFLKQDTYDVHL,,0,handcrafted_no_fs,0.86114544
TVWAQSADFPQFKPE,TVWAQSADFPQFKPE,,0,handcrafted_no_fs,0.27737498
TVWEQILNTWLVKPG,TVWEQILNTWLVKPG,,0,handcrafted_no_fs,0.13531289
TYGDKWLDAKSTWYG,TYGDKWLDAKSTWYG,,0,handcrafted_no_fs,0.17766552
VALFAVFLGSAHGIP,VALFAVFLGSAHGIP,,0,handcrafted_no_fs,0.08573385
VASLLTTAEVVVTEI,VASLLTTAEVVVTEI,,0,handcrafted_no_fs,0.42134872
VATLSEALRIIAGTL,VATLSEALRIIAGTL,,0,handcrafted_no_fs,0.48947883
VAWQVKLLPVPPTVT,VAWQVKLLPVPPTVT,,0,handcrafted_no_fs,0.32469538
VDCRPFNGGESKLKA,VDCRPFNGGESKLKA,,0,handcrafted_no_fs,0.2449531
VDCYINLGARWSLDY,VDCYINLGARWSLDY,,0,handcrafted_no_fs,0.59820604
VDIINRWQVVAPQLP,VDIINRWQVVAPQLP,,0,handcrafted_no_fs,0.35040852
VDIMFNDFGEASQKF,VDIMFNDFGEASQKF,,0,handcrafted_no_fs,0.2687382
VDPTDYFRNEQSIPP,VDPTDYFRNEQSIPP,,0,handcrafted_no_fs,0.40069476
VDSGAQLGELYYAIH,VDSGAQLGELYYAIH,,0,handcrafted_no_fs,0.43311143
VESFRITYVPITGGT + CITR(R5),VESFRITYVPITGGT,CITR(R5),0,handcrafted_no_fs,0.2059088
VFLGSAHGIPKVPPG,VFLGSAHGIPKVPPG,,0,handcrafted_no_fs,0.24064192
VFLGSAYGIPKVPPG,VFLGSAYGIPKVPPG,,0,handcrafted_no_fs,0.2530557
VGAATGAATAATGGY,VGAATGAATAATGGY,,0,handcrafted_no_fs,0.037818946
VHAVKPVTEEPGMAK,VHAVKPVTEEPGMAK,,0,handcrafted_no_fs,0.10483009
VHRGAVPRRGPRGGP,VHRGAVPRRGPRGGP,,0,handcrafted_no_fs,0.113792375
VIDVKLVDANGTLHD,VIDVKLVDANGTLHD,,0,handcrafted_no_fs,0.06579097
VIGMDVAASEFFRSG,VIGMDVAASEFFRSG,,0,handcrafted_no_fs,0.48943627
VIPAGELQVIEKVDA,VIPAGELQVIEKVDA,,0,handcrafted_no_fs,0.05872433
VIPEGWKADTAYESK,VIPEGWKADTAYESK,,0,handcrafted_no_fs,0.012869786
VIPEGWKADTCYESK,VIPEGWKADTCYESK,,0,handcrafted_no_fs,0.101228364
VIPEGWKADTSYESK,VIPEGWKADTSYESK,,0,handcrafted_no_fs,0.016749006
VKEIPPRLLYAKSSP,VKEIPPRLLYAKSSP,,0,handcrafted_no_fs,0.35038203
VKIEYSGTNNKTMAV,VKIEYSGTNNKTMAV,,0,handcrafted_no_fs,0.10497425
VKLVDANGKLHDKKS,VKLVDANGKLHDKKS,,0,handcrafted_no_fs,0.20426352
VKPLYIITPTNVSHI,VKPLYIITPTNVSHI,,0,handcrafted_no_fs,0.25199094
VLAALFAGAWCVPKV,VLAALFAGAWCVPKV,,0,handcrafted_no_fs,0.21015179
VLAKSPDTTCSEIEE,VLAKSPDTTCSEIEE,,0,handcrafted_no_fs,0.1231475
VLKDAASASIYGAQAANGVIII,VLKDAASASIYGAQAANGVIII,,0,handcrafted_no_fs,0.7071674
VLLVLSVNSSVFLHLQALGI,VLLVLSVNSSVFLHLQALGI,,0,handcrafted_no_fs,0.5222916
VNNLARTTPDRQAAC,VNNLARTTPDRQAAC,,0,handcrafted_no_fs,0.23169889
VNPNNAAALPGK,VNPNNAAALPGK,,0,handcrafted_no_fs,0.44232348
VNYWFAPGAAAAPLS,VNYWFAPGAAAAPLS,,0,handcrafted_no_fs,0.20406628
VPEKYTIGATYAPEE,VPEKYTIGATYAPEE,,0,handcrafted_no_fs,0.15276006
VPGVNPNNAAALPGK,VPGVNPNNAAALPGK,,0,handcrafted_no_fs,0.050797917
VPPADKYKTFEAAFT,VPPADKYKTFEAAFT,,0,handcrafted_no_fs,0.023474045
VPRRGPRGGPGRSYA,VPRRGPRGGPGRSYA,,0,handcrafted_no_fs,0.31274024
VPVKKATVVYQGERV,VPVKKATVVYQGERV,,0,handcrafted_no_fs,0.15154111
VPVVTGIRGRPGPAG,VPVVTGIRGRPGPAG,,0,handcrafted_no_fs,0.05640928
VRSGGHDYEGLSYRS,VRSGGHDYEGLSYRS,,0,handcrafted_no_fs,0.5096873
VRSKDQFEFALTAVAEEVNA,VRSKDQFEFALTAVAEEVNA,,0,handcrafted_no_fs,0.78740925
VSEALRIIAGTLEVH,VSEALRIIAGTLEVH,,0,handcrafted_no_fs,0.29726413
VSKAPQLVPKLDEVY,VSKAPQLVPKLDEVY,,0,handcrafted_no_fs,0.28900278
VSSKRNLADAVSKAP,VSSKRNLADAVSKAP,,0,handcrafted_no_fs,0.40821907
VSTFSSGLVWGQKYF,VSTFSSGLVWGQKYF,,0,handcrafted_no_fs,0.5954833
VTMNDVKIEYSGTNN,VTMNDVKIEYSGTNN,,0,handcrafted_no_fs,0.2362137
VVAPQLPADLMIRII,VVAPQLPADLMIRII,,0,handcrafted_no_fs,0.4130467
VVAVAAPASSESSSTNH,VVAVAAPASSESSSTNH,,0,handcrafted_no_fs,0.36436635
VVAVDIKEKGKDKWI,VVAVDIKEKGKDKWI,,0,handcrafted_no_fs,0.1730312
VVDLSKMRAVWVDGK,VVDLSKMRAVWVDGK,,0,handcrafted_no_fs,0.08543486
VVLFAVFLGSAYGIP,VVLFAVFLGSAYGIP,,0,handcrafted_no_fs,0.30913892
VVLGLATSPTAEGGK,VVLGLATSPTAEGGK,,0,handcrafted_no_fs,0.2452721
VVVHITDDNEEPIAA,VVVHITDDNEEPIAA,,0,handcrafted_no_fs,0.20170113
VVVHITDDNEEPIAP,VVVHITDDNEEPIAP,,0,handcrafted_no_fs,0.11177277
VWGQKYFKGNFERLA,VWGQKYFKGNFERLA,,0,handcrafted_no_fs,0.22670865
VYPFLASNAALLNLI,VYPFLASNAALLNLI,,0,handcrafted_no_fs,0.65692914
WEQIFSTWLLKPGAG,WEQIFSTWLLKPGAG,,0,handcrafted_no_fs,0.5790304
WGAIWRIDTPEVLKG,WGAIWRIDTPEVLKG,,0,handcrafted_no_fs,0.18381281
WKVRLLPVPPTVTVF,WKVRLLPVPPTVTVF,,0,handcrafted_no_fs,0.11881566
WLDAKSTWYGKPTAA,WLDAKSTWYGKPTAA,,0,handcrafted_no_fs,0.106894046
WLDAKSTWYGKPTGA,WLDAKSTWYGKPTGA,,0,handcrafted_no_fs,0.027155392
WLKVKILPEVKEKHEFLNRL,WLKVKILPEVKEKHEFLNRL,,0,handcrafted_no_fs,0.72764975
WNRQLYPEWTEAQRLD,WNRQLYPEWTEAQRLD,,0,handcrafted_no_fs,0.7267326
WSKDIYNYMEPYVSK,WSKDIYNYMEPYVSK,,0,handcrafted_no_fs,0.2991173
YAADRNHYRRYPRRRG,YAADRNHYRRYPRRRG,,0,handcrafted_no_fs,0.64112073
YANYRDIDLGRNEVV,YANYRDIDLGRNEVV,,0,handcrafted_no_fs,0.26461402
YASGKVWGQKYFKGN,YASGKVWGQKYFKGN,,0,handcrafted_no_fs,0.1073289
YDEPMTPGQCNMVVE,YDEPMTPGQCNMVVE,,0,handcrafted_no_fs,0.23121129
YDTYKCIPSLEAAVK,YDTYKCIPSLEAAVK,,0,handcrafted_no_fs,0.07528618
YEAFVLHFSEALHII,YEAFVLHFSEALHII,,0,handcrafted_no_fs,0.6020756
YEAFVLHFSEALRII,YEAFVLHFSEALRII,,0,handcrafted_no_fs,0.5861264
YEDAKSPLTASKLTY,YEDAKSPLTASKLTY,,0,handcrafted_no_fs,0.27678716
YEGLSYRSLQPEEFA,YEGLSYRSLQPEEFA,,0,handcrafted_no_fs,0.3717329
YEIFRFLPKDIQVAL,YEIFRFLPKDIQVAL,,0,handcrafted_no_fs,0.6435162
YFKGNFERLAITKGK,YFKGNFERLAITKGK,,0,handcrafted_no_fs,0.17634471
YFPPPAAKEDFLGCL,YFPPPAAKEDFLGCL,,0,handcrafted_no_fs,0.24508455
YFRNEQSIPPLIKKY,YFRNEQSIPPLIKKY,,0,handcrafted_no_fs,0.6169636
YFRNEQSIPPLIQKY,YFRNEQSIPPLIQKY,,0,handcrafted_no_fs,0.62660456
YGIAAENVIDVKLVD,YGIAAENVIDVKLVD,,0,handcrafted_no_fs,0.24948102
YHFDLSGHAFGAMAK,YHFDLSGHAFGAMAK,,0,handcrafted_no_fs,0.42124858
YHFDLSGIAFGSMAK,YHFDLSGIAFGSMAK,,0,handcrafted_no_fs,0.6101754
YISSVAYGRQVYLKLETTSKSDEV,YISSVAYGRQVYLKLETTSKSDEV,,0,handcrafted_no_fs,0.7175282
YKDVDKPPFSGMTGC,YKDVDKPPFSGMTGC,,0,handcrafted_no_fs,0.030604945
YKLGPSPKARSERPA,YKLGPSPKARSERPA,,0,handcrafted_no_fs,0.122724324
YLAWQAGMDMCSAGW,YLAWQAGMDMCSAGW,,0,handcrafted_no_fs,0.27873695
YNKIFYARVPQRIYQ,YNKIFYARVPQRIYQ,,0,handcrafted_no_fs,0.6288223
YNYMEPYVSKNPRQA,YNYMEPYVSKNPRQA,,0,handcrafted_no_fs,0.38207552
YRRNFNYRRRRPEN,YRRNFNYRRRRPEN,,0,handcrafted_no_fs,0.59354097
YRSLQPEEFAVVDLS,YRSLQPEEFAVVDLS,,0,handcrafted_no_fs,0.42296
YTTEGGTKGEAKDVI,YTTEGGTKGEAKDVI,,0,handcrafted_no_fs,0.10537726
YTTEGGTKTEAEDVI,YTTEGGTKTEAEDVI,,0,handcrafted_no_fs,0.024293503
YTVALFLAVALVAGP,YTVALFLAVALVAGP,,0,handcrafted_no_fs,0.06496401
YTVFETALKKAITAM,YTVFETALKKAITAM,,0,handcrafted_no_fs,0.11431754
YVDEHLMCEIEGHHL,YVDEHLMCEIEGHHL,,0,handcrafted_no_fs,0.3903772
YVSWLIDANHNMQIWTTGEY,YVSWLIDANHNMQIWTTGEY,,0,handcrafted_no_fs,0.7047961
YVYEPFPKEVWEQIF,YVYEPFPKEVWEQIF,,0,handcrafted_no_fs,0.07714434
YWFAPGAGAAPLSWS,YWFAPGAGAAPLSWS,,0,handcrafted_no_fs,0.2993814
YYAIHKASPVLAFPA,YYAIHKASPVLAFPA,,0,handcrafted_no_fs,0.2751668
